x,y,z,v_x,v_y,v_z,roll,pitch,yaw,angular_v
0.0,0.0,9.81e-05,0.0,0.0,0.01962,0.0,0.0,0.0,[0. 0. 0.]
0.0,0.0,0.0003924,0.0,0.0,0.03924,0.0,0.0,0.0,[0. 0. 0.]
0.0,0.0,0.0008829,0.0,0.0,0.058859999999999996,0.0,0.0,0.0,[0. 0. 0.]
0.0,0.0,0.0015696,0.0,0.0,0.07848,0.0,0.0,0.0,[0. 0. 0.]
0.0,0.0,0.0024525,0.0,0.0,0.09809999999999999,0.0,0.0,0.0,[0. 0. 0.]
0.0,0.0,0.0035315999999999998,0.0,0.0,0.11771999999999999,0.0,0.0,0.0,[0. 0. 0.]
0.0,0.0,0.004806899999999999,0.0,0.0,0.13734,0.0,0.0,0.0,[0. 0. 0.]
0.0,0.0,0.006278399999999999,0.0,0.0,0.15696,0.0,0.0,0.0,[0. 0. 0.]
0.0,0.0,0.0079461,0.0,0.0,0.17658,0.0,0.0,0.0,[0. 0. 0.]
0.0,0.0,0.00981,0.0,0.0,0.19619999999999999,0.0,0.0,0.0,[0. 0. 0.]
0.0,0.0,0.011870099999999998,0.0,0.0,0.21581999999999998,0.0,0.0,0.0,[0. 0. 0.]
0.0,0.0,0.014126399999999997,0.0,0.0,0.23543999999999998,0.0,0.0,0.0,[0. 0. 0.]
0.0,0.0,0.016578899999999997,0.0,0.0,0.25505999999999995,0.0,0.0,0.0,[0. 0. 0.]
0.0,0.0,0.019227599999999997,0.0,0.0,0.2746799999999999,0.0,0.0,0.0,[0. 0. 0.]
0.0,0.0,0.022072499999999995,0.0,0.0,0.2942999999999999,0.0,0.0,0.0,[0. 0. 0.]
0.0,0.0,0.025113599999999993,0.0,0.0,0.31391999999999987,0.0,0.0,0.0,[0. 0. 0.]
0.0,0.0,0.02835089999999999,0.0,0.0,0.33353999999999984,0.0,0.0,0.0,[0. 0. 0.]
0.0,0.0,0.03178439999999999,0.0,0.0,0.3531599999999998,0.0,0.0,0.0,[0. 0. 0.]
0.0,0.0,0.03541409999999999,0.0,0.0,0.3727799999999998,0.0,0.0,0.0,[0. 0. 0.]
0.0,0.0,0.03923999999999999,0.0,0.0,0.39239999999999975,0.0,0.0,0.0,[0. 0. 0.]
0.0,0.0,0.043262099999999984,0.0,0.0,0.4120199999999997,0.0,0.0,0.0,[0. 0. 0.]
0.0,0.0,0.04748039999999998,0.0,0.0,0.4316399999999997,0.0,0.0,0.0,[0. 0. 0.]
0.0,0.0,0.05189489999999997,0.0,0.0,0.45125999999999966,0.0,0.0,0.0,[0. 0. 0.]
0.0,0.0,0.05650559999999997,0.0,0.0,0.47087999999999963,0.0,0.0,0.0,[0. 0. 0.]
0.0,0.0,0.061312499999999964,0.0,0.0,0.4904999999999996,0.0,0.0,0.0,[0. 0. 0.]
0.0,0.0,0.06631559999999996,0.0,0.0,0.5101199999999996,0.0,0.0,0.0,[0. 0. 0.]
0.0,0.0,0.07151489999999995,0.0,0.0,0.5297399999999995,0.0,0.0,0.0,[0. 0. 0.]
0.0,0.0,0.07691039999999995,0.0,0.0,0.5493599999999995,0.0,0.0,0.0,[0. 0. 0.]
0.0,0.0,0.08250209999999994,0.0,0.0,0.5689799999999995,0.0,0.0,0.0,[0. 0. 0.]
0.0,0.0,0.08828999999999994,0.0,0.0,0.5885999999999995,0.0,0.0,0.0,[0. 0. 0.]
0.0,0.0,0.09427409999999993,0.0,0.0,0.6082199999999994,0.0,0.0,0.0,[0. 0. 0.]
0.0,0.0,0.10045439999999993,0.0,0.0,0.6278399999999994,0.0,0.0,0.0,[0. 0. 0.]
0.0,0.0,0.10683089999999992,0.0,0.0,0.6474599999999994,0.0,0.0,0.0,[0. 0. 0.]
0.0,0.0,0.11340359999999991,0.0,0.0,0.6670799999999993,0.0,0.0,0.0,[0. 0. 0.]
0.0,0.0,0.1201724999999999,0.0,0.0,0.6866999999999993,0.0,0.0,0.0,[0. 0. 0.]
0.0,0.0,0.1271375999999999,0.0,0.0,0.7063199999999993,0.0,0.0,0.0,[0. 0. 0.]
0.0,0.0,0.1342988999999999,0.0,0.0,0.7259399999999993,0.0,0.0,0.0,[0. 0. 0.]
0.0,0.0,0.14165639999999988,0.0,0.0,0.7455599999999992,0.0,0.0,0.0,[0. 0. 0.]
0.0,0.0,0.14921009999999987,0.0,0.0,0.7651799999999992,0.0,0.0,0.0,[0. 0. 0.]
0.0,0.0,0.15695999999999988,0.0,0.0,0.7847999999999992,0.0,0.0,0.0,[0. 0. 0.]
0.0,0.0,0.16490609999999986,0.0,0.0,0.8044199999999991,0.0,0.0,0.0,[0. 0. 0.]
0.0,0.0,0.17304839999999985,0.0,0.0,0.8240399999999991,0.0,0.0,0.0,[0. 0. 0.]
0.0,0.0,0.18138689999999985,0.0,0.0,0.8436599999999991,0.0,0.0,0.0,[0. 0. 0.]
0.0,0.0,0.18992159999999983,0.0,0.0,0.863279999999999,0.0,0.0,0.0,[0. 0. 0.]
0.0,0.0,0.19865249999999982,0.0,0.0,0.882899999999999,0.0,0.0,0.0,[0. 0. 0.]
0.0,0.0,0.2075795999999998,0.0,0.0,0.902519999999999,0.0,0.0,0.0,[0. 0. 0.]
0.0,0.0,0.2167028999999998,0.0,0.0,0.922139999999999,0.0,0.0,0.0,[0. 0. 0.]
0.0,0.0,0.2260223999999998,0.0,0.0,0.9417599999999989,0.0,0.0,0.0,[0. 0. 0.]
0.0,0.0,0.23553809999999978,0.0,0.0,0.9613799999999989,0.0,0.0,0.0,[0. 0. 0.]
0.0,0.0,0.24524999999999977,0.0,0.0,0.9809999999999989,0.0,0.0,0.0,[0. 0. 0.]
0.0,0.0,0.2551580999999998,0.0,0.0,1.000619999999999,0.0,0.0,0.0,[0. 0. 0.]
0.0,0.0,0.2652623999999998,0.0,0.0,1.020239999999999,0.0,0.0,0.0,[0. 0. 0.]
0.0,0.0,0.2755628999999998,0.0,0.0,1.039859999999999,0.0,0.0,0.0,[0. 0. 0.]
0.0,0.0,0.28605959999999975,0.0,0.0,1.0594799999999989,0.0,0.0,0.0,[0. 0. 0.]
0.0,0.0,0.29675249999999975,0.0,0.0,1.0790999999999988,0.0,0.0,0.0,[0. 0. 0.]
0.0,0.0,0.30764159999999974,0.0,0.0,1.0987199999999988,0.0,0.0,0.0,[0. 0. 0.]
0.0,0.0,0.3187268999999997,0.0,0.0,1.1183399999999988,0.0,0.0,0.0,[0. 0. 0.]
0.0,0.0,0.3300083999999997,0.0,0.0,1.1379599999999988,0.0,0.0,0.0,[0. 0. 0.]
0.0,0.0,0.3414860999999997,0.0,0.0,1.1575799999999987,0.0,0.0,0.0,[0. 0. 0.]
0.0,0.0,0.3531599999999997,0.0,0.0,1.1771999999999987,0.0,0.0,0.0,[0. 0. 0.]
0.0,0.0,0.3650300999999997,0.0,0.0,1.1968199999999987,0.0,0.0,0.0,[0. 0. 0.]
0.0,0.0,0.37709639999999967,0.0,0.0,1.2164399999999986,0.0,0.0,0.0,[0. 0. 0.]
0.0,0.0,0.3893588999999997,0.0,0.0,1.2360599999999986,0.0,0.0,0.0,[0. 0. 0.]
0.0,0.0,0.40181759999999966,0.0,0.0,1.2556799999999986,0.0,0.0,0.0,[0. 0. 0.]
0.0,0.0,0.41447249999999963,0.0,0.0,1.2752999999999985,0.0,0.0,0.0,[0. 0. 0.]
0.0,0.0,0.42732359999999964,0.0,0.0,1.2949199999999985,0.0,0.0,0.0,[0. 0. 0.]
0.0,0.0,0.4403708999999996,0.0,0.0,1.3145399999999985,0.0,0.0,0.0,[0. 0. 0.]
0.0,0.0,0.4536143999999996,0.0,0.0,1.3341599999999985,0.0,0.0,0.0,[0. 0. 0.]
0.0,0.0,0.4670540999999996,0.0,0.0,1.3537799999999984,0.0,0.0,0.0,[0. 0. 0.]
0.0,0.0,0.48068999999999956,0.0,0.0,1.3733999999999984,0.0,0.0,0.0,[0. 0. 0.]
0.0,0.0,0.4945220999999995,0.0,0.0,1.3930199999999984,0.0,0.0,0.0,[0. 0. 0.]
0.0,0.0,0.5085503999999995,0.0,0.0,1.4126399999999983,0.0,0.0,0.0,[0. 0. 0.]
0.0,0.0,0.5227748999999995,0.0,0.0,1.4322599999999983,0.0,0.0,0.0,[0. 0. 0.]
0.0,0.0,0.5371955999999994,0.0,0.0,1.4518799999999983,0.0,0.0,0.0,[0. 0. 0.]
0.0,0.0,0.5518124999999994,0.0,0.0,1.4714999999999983,0.0,0.0,0.0,[0. 0. 0.]
0.0,0.0,0.5666255999999994,0.0,0.0,1.4911199999999982,0.0,0.0,0.0,[0. 0. 0.]
0.0,0.0,0.5816348999999994,0.0,0.0,1.5107399999999982,0.0,0.0,0.0,[0. 0. 0.]
0.0,0.0,0.5968403999999994,0.0,0.0,1.5303599999999982,0.0,0.0,0.0,[0. 0. 0.]
0.0,0.0,0.6122420999999993,0.0,0.0,1.5499799999999981,0.0,0.0,0.0,[0. 0. 0.]
0.0,0.0,0.6278399999999993,0.0,0.0,1.569599999999998,0.0,0.0,0.0,[0. 0. 0.]
0.0,0.0,0.6436340999999993,0.0,0.0,1.589219999999998,0.0,0.0,0.0,[0. 0. 0.]
0.0,0.0,0.6596243999999993,0.0,0.0,1.608839999999998,0.0,0.0,0.0,[0. 0. 0.]
0.0,0.0,0.6758108999999993,0.0,0.0,1.628459999999998,0.0,0.0,0.0,[0. 0. 0.]
0.0,0.0,0.6921935999999993,0.0,0.0,1.648079999999998,0.0,0.0,0.0,[0. 0. 0.]
0.0,0.0,0.7087724999999993,0.0,0.0,1.667699999999998,0.0,0.0,0.0,[0. 0. 0.]
0.0,0.0,0.7255475999999992,0.0,0.0,1.687319999999998,0.0,0.0,0.0,[0. 0. 0.]
0.0,0.0,0.7425188999999992,0.0,0.0,1.706939999999998,0.0,0.0,0.0,[0. 0. 0.]
0.0,0.0,0.7596863999999992,0.0,0.0,1.7265599999999979,0.0,0.0,0.0,[0. 0. 0.]
0.0,0.0,0.7770500999999992,0.0,0.0,1.7461799999999978,0.0,0.0,0.0,[0. 0. 0.]
0.0,0.0,0.7946099999999992,0.0,0.0,1.7657999999999978,0.0,0.0,0.0,[0. 0. 0.]
0.0,0.0,0.8123660999999991,0.0,0.0,1.7854199999999978,0.0,0.0,0.0,[0. 0. 0.]
0.0,0.0,0.830318399999999,0.0,0.0,1.8050399999999978,0.0,0.0,0.0,[0. 0. 0.]
0.0,0.0,0.848466899999999,0.0,0.0,1.8246599999999977,0.0,0.0,0.0,[0. 0. 0.]
0.0,0.0,0.866811599999999,0.0,0.0,1.8442799999999977,0.0,0.0,0.0,[0. 0. 0.]
0.0,0.0,0.885352499999999,0.0,0.0,1.8638999999999977,0.0,0.0,0.0,[0. 0. 0.]
0.0,0.0,0.9040895999999989,0.0,0.0,1.8835199999999976,0.0,0.0,0.0,[0. 0. 0.]
0.0,0.0,0.9230228999999989,0.0,0.0,1.9031399999999976,0.0,0.0,0.0,[0. 0. 0.]
0.0,0.0,0.9421523999999989,0.0,0.0,1.9227599999999976,0.0,0.0,0.0,[0. 0. 0.]
0.0,0.0,0.9614780999999989,0.0,0.0,1.9423799999999976,0.0,0.0,0.0,[0. 0. 0.]
0.0,0.0,0.9809999999999989,0.0,0.0,1.9619999999999975,0.0,0.0,0.0,[0. 0. 0.]
0.0,0.0,1.000718099999999,0.0,0.0,1.9816199999999975,0.0,0.0,0.0,[0. 0. 0.]
0.0,0.0,1.0206323999999989,0.0,0.0,2.0012399999999975,0.0,0.0,0.0,[0. 0. 0.]
0.0,0.0,1.0407428999999988,0.0,0.0,2.0208599999999977,0.0,0.0,0.0,[0. 0. 0.]
0.0,0.0,1.0610495999999987,0.0,0.0,2.040479999999998,0.0,0.0,0.0,[0. 0. 0.]
0.0,0.0,1.0815524999999986,0.0,0.0,2.060099999999998,0.0,0.0,0.0,[0. 0. 0.]
0.0,0.0,1.1022515999999987,0.0,0.0,2.0797199999999982,0.0,0.0,0.0,[0. 0. 0.]
0.0,0.0,1.1231468999999987,0.0,0.0,2.0993399999999984,0.0,0.0,0.0,[0. 0. 0.]
0.0,0.0,1.1442383999999988,0.0,0.0,2.1189599999999986,0.0,0.0,0.0,[0. 0. 0.]
0.0,0.0,1.1655260999999988,0.0,0.0,2.138579999999999,0.0,0.0,0.0,[0. 0. 0.]
0.0,0.0,1.1870099999999988,0.0,0.0,2.158199999999999,0.0,0.0,0.0,[0. 0. 0.]
0.0,0.0,1.2086900999999988,0.0,0.0,2.177819999999999,0.0,0.0,0.0,[0. 0. 0.]
0.0,0.0,1.2305663999999987,0.0,0.0,2.1974399999999994,0.0,0.0,0.0,[0. 0. 0.]
0.0,0.0,1.2526388999999987,0.0,0.0,2.2170599999999996,0.0,0.0,0.0,[0. 0. 0.]
0.0,0.0,1.2749075999999986,0.0,0.0,2.23668,0.0,0.0,0.0,[0. 0. 0.]
0.0,0.0,1.2973724999999985,0.0,0.0,2.2563,0.0,0.0,0.0,[0. 0. 0.]
0.0,0.0,1.3200335999999986,0.0,0.0,2.27592,0.0,0.0,0.0,[0. 0. 0.]
0.0,0.0,1.3428908999999987,0.0,0.0,2.2955400000000004,0.0,0.0,0.0,[0. 0. 0.]
0.0,0.0,1.3659443999999987,0.0,0.0,2.3151600000000006,0.0,0.0,0.0,[0. 0. 0.]
0.0,0.0,1.3891940999999988,0.0,0.0,2.3347800000000007,0.0,0.0,0.0,[0. 0. 0.]
0.0,0.0,1.4126399999999988,0.0,0.0,2.354400000000001,0.0,0.0,0.0,[0. 0. 0.]
0.0,0.0,1.4362820999999988,0.0,0.0,2.374020000000001,0.0,0.0,0.0,[0. 0. 0.]
0.0,0.0,1.4601203999999988,0.0,0.0,2.3936400000000013,0.0,0.0,0.0,[0. 0. 0.]
0.0,0.0,1.4841548999999987,0.0,0.0,2.4132600000000015,0.0,0.0,0.0,[0. 0. 0.]
0.0,0.0,1.5083855999999987,0.0,0.0,2.4328800000000017,0.0,0.0,0.0,[0. 0. 0.]
0.0,0.0,1.5328124999999986,0.0,0.0,2.452500000000002,0.0,0.0,0.0,[0. 0. 0.]
0.0,0.0,1.5574355999999987,0.0,0.0,2.472120000000002,0.0,0.0,0.0,[0. 0. 0.]
0.0,0.0,1.5822548999999988,0.0,0.0,2.4917400000000023,0.0,0.0,0.0,[0. 0. 0.]
0.0,0.0,1.6072703999999989,0.0,0.0,2.5113600000000025,0.0,0.0,0.0,[0. 0. 0.]
0.0,0.0,1.632482099999999,0.0,0.0,2.5309800000000027,0.0,0.0,0.0,[0. 0. 0.]
0.0,0.0,1.657889999999999,0.0,0.0,2.550600000000003,0.0,0.0,0.0,[0. 0. 0.]
0.0,0.0,1.683494099999999,0.0,0.0,2.570220000000003,0.0,0.0,0.0,[0. 0. 0.]
0.0,0.0,1.709294399999999,0.0,0.0,2.5898400000000033,0.0,0.0,0.0,[0. 0. 0.]
0.0,0.0,1.735290899999999,0.0,0.0,2.6094600000000034,0.0,0.0,0.0,[0. 0. 0.]
0.0,0.0,1.761483599999999,0.0,0.0,2.6290800000000036,0.0,0.0,0.0,[0. 0. 0.]
0.0,0.0,1.7878724999999989,0.0,0.0,2.648700000000004,0.0,0.0,0.0,[0. 0. 0.]
0.0,0.0,1.814457599999999,0.0,0.0,2.668320000000004,0.0,0.0,0.0,[0. 0. 0.]
0.0,0.0,1.8412388999999991,0.0,0.0,2.687940000000004,0.0,0.0,0.0,[0. 0. 0.]
0.0,0.0,1.8682163999999992,0.0,0.0,2.7075600000000044,0.0,0.0,0.0,[0. 0. 0.]
0.0,0.0,1.8953900999999993,0.0,0.0,2.7271800000000046,0.0,0.0,0.0,[0. 0. 0.]
0.0,0.0,1.9227599999999994,0.0,0.0,2.746800000000005,0.0,0.0,0.0,[0. 0. 0.]
0.0,0.0,1.9503260999999994,0.0,0.0,2.766420000000005,0.0,0.0,0.0,[0. 0. 0.]
0.0,0.0,1.9780883999999994,0.0,0.0,2.786040000000005,0.0,0.0,0.0,[0. 0. 0.]
0.0,0.0,2.0060468999999994,0.0,0.0,2.8056600000000054,0.0,0.0,0.0,[0. 0. 0.]
0.0,0.0,2.0342015999999994,0.0,0.0,2.8252800000000056,0.0,0.0,0.0,[0. 0. 0.]
0.0,0.0,2.0625524999999993,0.0,0.0,2.8449000000000058,0.0,0.0,0.0,[0. 0. 0.]
0.0,0.0,2.0910995999999993,0.0,0.0,2.864520000000006,0.0,0.0,0.0,[0. 0. 0.]
0.0,0.0,2.119842899999999,0.0,0.0,2.884140000000006,0.0,0.0,0.0,[0. 0. 0.]
0.0,0.0,2.148782399999999,0.0,0.0,2.9037600000000063,0.0,0.0,0.0,[0. 0. 0.]
0.0,0.0,2.177918099999999,0.0,0.0,2.9233800000000065,0.0,0.0,0.0,[0. 0. 0.]
0.0,0.0,2.207249999999999,0.0,0.0,2.9430000000000067,0.0,0.0,0.0,[0. 0. 0.]
0.0,0.0,2.236778099999999,0.0,0.0,2.962620000000007,0.0,0.0,0.0,[0. 0. 0.]
0.0,0.0,2.2665023999999994,0.0,0.0,2.982240000000007,0.0,0.0,0.0,[0. 0. 0.]
0.0,0.0,2.2964228999999996,0.0,0.0,3.0018600000000073,0.0,0.0,0.0,[0. 0. 0.]
0.0,0.0,2.3265396,0.0,0.0,3.0214800000000075,0.0,0.0,0.0,[0. 0. 0.]
0.0,0.0,2.3568525,0.0,0.0,3.0411000000000077,0.0,0.0,0.0,[0. 0. 0.]
0.0,0.0,2.3873616,0.0,0.0,3.060720000000008,0.0,0.0,0.0,[0. 0. 0.]
0.0,0.0,2.4180669000000004,0.0,0.0,3.080340000000008,0.0,0.0,0.0,[0. 0. 0.]
0.0,0.0,2.4489684000000005,0.0,0.0,3.0999600000000083,0.0,0.0,0.0,[0. 0. 0.]
0.0,0.0,2.4800661000000006,0.0,0.0,3.1195800000000085,0.0,0.0,0.0,[0. 0. 0.]
0.0,0.0,2.5113600000000007,0.0,0.0,3.1392000000000087,0.0,0.0,0.0,[0. 0. 0.]
0.0,0.0,2.542850100000001,0.0,0.0,3.158820000000009,0.0,0.0,0.0,[0. 0. 0.]
0.0,0.0,2.574536400000001,0.0,0.0,3.178440000000009,0.0,0.0,0.0,[0. 0. 0.]
0.0,0.0,2.606418900000001,0.0,0.0,3.1980600000000092,0.0,0.0,0.0,[0. 0. 0.]
0.0,0.0,2.638497600000001,0.0,0.0,3.2176800000000094,0.0,0.0,0.0,[0. 0. 0.]
0.0,0.0,2.670772500000001,0.0,0.0,3.2373000000000096,0.0,0.0,0.0,[0. 0. 0.]
0.0,0.0,2.703243600000001,0.0,0.0,3.25692000000001,0.0,0.0,0.0,[0. 0. 0.]
0.0,0.0,2.735910900000001,0.0,0.0,3.27654000000001,0.0,0.0,0.0,[0. 0. 0.]
0.0,0.0,2.7687744000000007,0.0,0.0,3.29616000000001,0.0,0.0,0.0,[0. 0. 0.]
0.0,0.0,2.8018341000000007,0.0,0.0,3.3157800000000104,0.0,0.0,0.0,[0. 0. 0.]
0.0,0.0,2.8350900000000006,0.0,0.0,3.3354000000000106,0.0,0.0,0.0,[0. 0. 0.]
0.0,0.0,2.868542100000001,0.0,0.0,3.3550200000000108,0.0,0.0,0.0,[0. 0. 0.]
0.0,0.0,2.902190400000001,0.0,0.0,3.374640000000011,0.0,0.0,0.0,[0. 0. 0.]
0.0,0.0,2.9360349000000014,0.0,0.0,3.394260000000011,0.0,0.0,0.0,[0. 0. 0.]
0.0,0.0,2.9700756000000017,0.0,0.0,3.4138800000000113,0.0,0.0,0.0,[0. 0. 0.]
0.0,0.0,3.004312500000002,0.0,0.0,3.4335000000000115,0.0,0.0,0.0,[0. 0. 0.]
0.0,0.0,3.038745600000002,0.0,0.0,3.4531200000000117,0.0,0.0,0.0,[0. 0. 0.]
0.0,0.0,3.0733749000000024,0.0,0.0,3.472740000000012,0.0,0.0,0.0,[0. 0. 0.]
0.0,0.0,3.1082004000000025,0.0,0.0,3.492360000000012,0.0,0.0,0.0,[0. 0. 0.]
0.0,0.0,3.1432221000000027,0.0,0.0,3.5119800000000123,0.0,0.0,0.0,[0. 0. 0.]
0.0,0.0,3.178440000000003,0.0,0.0,3.5316000000000125,0.0,0.0,0.0,[0. 0. 0.]
0.0,0.0,3.213854100000003,0.0,0.0,3.5512200000000127,0.0,0.0,0.0,[0. 0. 0.]
0.0,0.0,3.249464400000003,0.0,0.0,3.570840000000013,0.0,0.0,0.0,[0. 0. 0.]
0.0,0.0,3.285270900000003,0.0,0.0,3.590460000000013,0.0,0.0,0.0,[0. 0. 0.]
0.0,0.0,3.321273600000003,0.0,0.0,3.6100800000000133,0.0,0.0,0.0,[0. 0. 0.]
0.0,0.0,3.357472500000003,0.0,0.0,3.6297000000000135,0.0,0.0,0.0,[0. 0. 0.]
0.0,0.0,3.393867600000003,0.0,0.0,3.6493200000000137,0.0,0.0,0.0,[0. 0. 0.]
0.0,0.0,3.430458900000003,0.0,0.0,3.668940000000014,0.0,0.0,0.0,[0. 0. 0.]
0.0,0.0,3.467246400000003,0.0,0.0,3.688560000000014,0.0,0.0,0.0,[0. 0. 0.]
0.0,0.0,3.504230100000003,0.0,0.0,3.7081800000000142,0.0,0.0,0.0,[0. 0. 0.]
0.0,0.0,3.541410000000003,0.0,0.0,3.7278000000000144,0.0,0.0,0.0,[0. 0. 0.]
0.0,0.0,3.5787861000000034,0.0,0.0,3.7474200000000146,0.0,0.0,0.0,[0. 0. 0.]
0.0,0.0,3.6163584000000037,0.0,0.0,3.767040000000015,0.0,0.0,0.0,[0. 0. 0.]
0.0,0.0,3.654126900000004,0.0,0.0,3.786660000000015,0.0,0.0,0.0,[0. 0. 0.]
0.0,0.0,3.6920916000000044,0.0,0.0,3.806280000000015,0.0,0.0,0.0,[0. 0. 0.]
0.0,0.0,3.7302525000000046,0.0,0.0,3.8259000000000154,0.0,0.0,0.0,[0. 0. 0.]
0.0,0.0,3.768609600000005,0.0,0.0,3.8455200000000156,0.0,0.0,0.0,[0. 0. 0.]
0.0,0.0,3.807162900000005,0.0,0.0,3.865140000000016,0.0,0.0,0.0,[0. 0. 0.]
0.0,0.0,3.8459124000000053,0.0,0.0,3.884760000000016,0.0,0.0,0.0,[0. 0. 0.]
0.0,0.0,3.8848581000000055,0.0,0.0,3.904380000000016,0.0,0.0,0.0,[0. 0. 0.]
0.0,0.0,3.9240000000000057,0.0,0.0,3.9240000000000164,0.0,0.0,0.0,[0. 0. 0.]
0.0,0.0,3.963141900000006,0.0,0.0,3.904380000000016,0.0,0.0,0.0,[0. 0. 0.]
0.0,0.0,4.002087600000006,0.0,0.0,3.884760000000016,0.0,0.0,0.0,[0. 0. 0.]
0.0,0.0,4.040837100000005,0.0,0.0,3.865140000000016,0.0,0.0,0.0,[0. 0. 0.]
0.0,0.0,4.079390400000006,0.0,0.0,3.8455200000000156,0.0,0.0,0.0,[0. 0. 0.]
0.0,0.0,4.1177475000000054,0.0,0.0,3.8259000000000154,0.0,0.0,0.0,[0. 0. 0.]
0.0,0.0,4.155908400000006,0.0,0.0,3.806280000000015,0.0,0.0,0.0,[0. 0. 0.]
0.0,0.0,4.193873100000006,0.0,0.0,3.786660000000015,0.0,0.0,0.0,[0. 0. 0.]
0.0,0.0,4.231641600000006,0.0,0.0,3.767040000000015,0.0,0.0,0.0,[0. 0. 0.]
0.0,0.0,4.269213900000006,0.0,0.0,3.7474200000000146,0.0,0.0,0.0,[0. 0. 0.]
0.0,0.0,4.306590000000006,0.0,0.0,3.7278000000000144,0.0,0.0,0.0,[0. 0. 0.]
0.0,0.0,4.343769900000006,0.0,0.0,3.7081800000000142,0.0,0.0,0.0,[0. 0. 0.]
0.0,0.0,4.3807536000000065,0.0,0.0,3.688560000000014,0.0,0.0,0.0,[0. 0. 0.]
0.0,0.0,4.417541100000006,0.0,0.0,3.668940000000014,0.0,0.0,0.0,[0. 0. 0.]
0.0,0.0,4.454132400000007,0.0,0.0,3.6493200000000137,0.0,0.0,0.0,[0. 0. 0.]
0.0,0.0,4.490527500000007,0.0,0.0,3.6297000000000135,0.0,0.0,0.0,[0. 0. 0.]
0.0,0.0,4.526726400000007,0.0,0.0,3.6100800000000133,0.0,0.0,0.0,[0. 0. 0.]
0.0,0.0,4.562729100000007,0.0,0.0,3.590460000000013,0.0,0.0,0.0,[0. 0. 0.]
0.0,0.0,4.598535600000008,0.0,0.0,3.570840000000013,0.0,0.0,0.0,[0. 0. 0.]
0.0,0.0,4.634145900000008,0.0,0.0,3.5512200000000127,0.0,0.0,0.0,[0. 0. 0.]
0.0,0.0,4.669560000000009,0.0,0.0,3.5316000000000125,0.0,0.0,0.0,[0. 0. 0.]
0.0,0.0,4.704777900000009,0.0,0.0,3.5119800000000123,0.0,0.0,0.0,[0. 0. 0.]
0.0,0.0,4.739799600000008,0.0,0.0,3.492360000000012,0.0,0.0,0.0,[0. 0. 0.]
0.0,0.0,4.774625100000009,0.0,0.0,3.472740000000012,0.0,0.0,0.0,[0. 0. 0.]
0.0,0.0,4.809254400000008,0.0,0.0,3.4531200000000117,0.0,0.0,0.0,[0. 0. 0.]
0.0,0.0,4.843687500000009,0.0,0.0,3.4335000000000115,0.0,0.0,0.0,[0. 0. 0.]
0.0,0.0,4.877924400000008,0.0,0.0,3.4138800000000113,0.0,0.0,0.0,[0. 0. 0.]
0.0,0.0,4.911965100000009,0.0,0.0,3.394260000000011,0.0,0.0,0.0,[0. 0. 0.]
0.0,0.0,4.9458096000000085,0.0,0.0,3.374640000000011,0.0,0.0,0.0,[0. 0. 0.]
0.0,0.0,4.979457900000009,0.0,0.0,3.3550200000000108,0.0,0.0,0.0,[0. 0. 0.]
0.0,0.0,5.012910000000009,0.0,0.0,3.3354000000000106,0.0,0.0,0.0,[0. 0. 0.]
0.0,0.0,5.046165900000009,0.0,0.0,3.3157800000000104,0.0,0.0,0.0,[0. 0. 0.]
0.0,0.0,5.079225600000009,0.0,0.0,3.29616000000001,0.0,0.0,0.0,[0. 0. 0.]
0.0,0.0,5.112089100000009,0.0,0.0,3.27654000000001,0.0,0.0,0.0,[0. 0. 0.]
0.0,0.0,5.144756400000009,0.0,0.0,3.25692000000001,0.0,0.0,0.0,[0. 0. 0.]
0.0,0.0,5.17722750000001,0.0,0.0,3.2373000000000096,0.0,0.0,0.0,[0. 0. 0.]
0.0,0.0,5.20950240000001,0.0,0.0,3.2176800000000094,0.0,0.0,0.0,[0. 0. 0.]
0.0,0.0,5.24158110000001,0.0,0.0,3.1980600000000092,0.0,0.0,0.0,[0. 0. 0.]
0.0,0.0,5.27346360000001,0.0,0.0,3.178440000000009,0.0,0.0,0.0,[0. 0. 0.]
0.0,0.0,5.305149900000011,0.0,0.0,3.158820000000009,0.0,0.0,0.0,[0. 0. 0.]
0.0,0.0,5.336640000000011,0.0,0.0,3.1392000000000087,0.0,0.0,0.0,[0. 0. 0.]
0.0,0.0,5.36793390000001,0.0,0.0,3.1195800000000085,0.0,0.0,0.0,[0. 0. 0.]
0.0,0.0,5.3990316000000105,0.0,0.0,3.0999600000000083,0.0,0.0,0.0,[0. 0. 0.]
0.0,0.0,5.42993310000001,0.0,0.0,3.080340000000008,0.0,0.0,0.0,[0. 0. 0.]
0.0,0.0,5.46063840000001,0.0,0.0,3.060720000000008,0.0,0.0,0.0,[0. 0. 0.]
0.0,0.0,5.49114750000001,0.0,0.0,3.0411000000000077,0.0,0.0,0.0,[0. 0. 0.]
0.0,0.0,5.52146040000001,0.0,0.0,3.0214800000000075,0.0,0.0,0.0,[0. 0. 0.]
0.0,0.0,5.55157710000001,0.0,0.0,3.0018600000000073,0.0,0.0,0.0,[0. 0. 0.]
0.0,0.0,5.58149760000001,0.0,0.0,2.982240000000007,0.0,0.0,0.0,[0. 0. 0.]
0.0,0.0,5.61122190000001,0.0,0.0,2.962620000000007,0.0,0.0,0.0,[0. 0. 0.]
0.0,0.0,5.64075000000001,0.0,0.0,2.9430000000000067,0.0,0.0,0.0,[0. 0. 0.]
0.0,0.0,5.67008190000001,0.0,0.0,2.9233800000000065,0.0,0.0,0.0,[0. 0. 0.]
0.0,0.0,5.6992176000000105,0.0,0.0,2.9037600000000063,0.0,0.0,0.0,[0. 0. 0.]
0.0,0.0,5.72815710000001,0.0,0.0,2.884140000000006,0.0,0.0,0.0,[0. 0. 0.]
0.0,0.0,5.756900400000011,0.0,0.0,2.864520000000006,0.0,0.0,0.0,[0. 0. 0.]
0.0,0.0,5.785447500000011,0.0,0.0,2.8449000000000058,0.0,0.0,0.0,[0. 0. 0.]
0.0,0.0,5.813798400000011,0.0,0.0,2.8252800000000056,0.0,0.0,0.0,[0. 0. 0.]
0.0,0.0,5.841953100000011,0.0,0.0,2.8056600000000054,0.0,0.0,0.0,[0. 0. 0.]
0.0,0.0,5.8699116000000116,0.0,0.0,2.786040000000005,0.0,0.0,0.0,[0. 0. 0.]
0.0,0.0,5.897673900000012,0.0,0.0,2.766420000000005,0.0,0.0,0.0,[0. 0. 0.]
0.0,0.0,5.925240000000012,0.0,0.0,2.746800000000005,0.0,0.0,0.0,[0. 0. 0.]
0.0,0.0,5.952609900000012,0.0,0.0,2.7271800000000046,0.0,0.0,0.0,[0. 0. 0.]
0.0,0.0,5.979783600000012,0.0,0.0,2.7075600000000044,0.0,0.0,0.0,[0. 0. 0.]
0.0,0.0,6.006761100000012,0.0,0.0,2.687940000000004,0.0,0.0,0.0,[0. 0. 0.]
0.0,0.0,6.0335424000000115,0.0,0.0,2.668320000000004,0.0,0.0,0.0,[0. 0. 0.]
0.0,0.0,6.060127500000012,0.0,0.0,2.648700000000004,0.0,0.0,0.0,[0. 0. 0.]
0.0,0.0,6.086516400000011,0.0,0.0,2.6290800000000036,0.0,0.0,0.0,[0. 0. 0.]
0.0,0.0,6.1127091000000116,0.0,0.0,2.6094600000000034,0.0,0.0,0.0,[0. 0. 0.]
0.0,0.0,6.138705600000011,0.0,0.0,2.5898400000000033,0.0,0.0,0.0,[0. 0. 0.]
0.0,0.0,6.1645059000000115,0.0,0.0,2.570220000000003,0.0,0.0,0.0,[0. 0. 0.]
0.0,0.0,6.190110000000011,0.0,0.0,2.550600000000003,0.0,0.0,0.0,[0. 0. 0.]
0.0,0.0,6.215517900000012,0.0,0.0,2.5309800000000027,0.0,0.0,0.0,[0. 0. 0.]
0.0,0.0,6.240729600000011,0.0,0.0,2.5113600000000025,0.0,0.0,0.0,[0. 0. 0.]
0.0,0.0,6.265745100000012,0.0,0.0,2.4917400000000023,0.0,0.0,0.0,[0. 0. 0.]
0.0,0.0,6.290564400000012,0.0,0.0,2.472120000000002,0.0,0.0,0.0,[0. 0. 0.]
0.0,0.0,6.315187500000012,0.0,0.0,2.452500000000002,0.0,0.0,0.0,[0. 0. 0.]
0.0,0.0,6.339614400000012,0.0,0.0,2.4328800000000017,0.0,0.0,0.0,[0. 0. 0.]
0.0,0.0,6.363845100000012,0.0,0.0,2.4132600000000015,0.0,0.0,0.0,[0. 0. 0.]
0.0,0.0,6.387879600000012,0.0,0.0,2.3936400000000013,0.0,0.0,0.0,[0. 0. 0.]
0.0,0.0,6.411717900000013,0.0,0.0,2.374020000000001,0.0,0.0,0.0,[0. 0. 0.]
0.0,0.0,6.435360000000013,0.0,0.0,2.354400000000001,0.0,0.0,0.0,[0. 0. 0.]
0.0,0.0,6.458805900000012,0.0,0.0,2.3347800000000007,0.0,0.0,0.0,[0. 0. 0.]
0.0,0.0,6.482055600000012,0.0,0.0,2.3151600000000006,0.0,0.0,0.0,[0. 0. 0.]
0.0,0.0,6.505109100000012,0.0,0.0,2.2955400000000004,0.0,0.0,0.0,[0. 0. 0.]
0.0,0.0,6.527966400000012,0.0,0.0,2.27592,0.0,0.0,0.0,[0. 0. 0.]
0.0,0.0,6.550627500000012,0.0,0.0,2.2563,0.0,0.0,0.0,[0. 0. 0.]
0.0,0.0,6.573092400000012,0.0,0.0,2.23668,0.0,0.0,0.0,[0. 0. 0.]
0.0,0.0,6.595361100000011,0.0,0.0,2.2170599999999996,0.0,0.0,0.0,[0. 0. 0.]
0.0,0.0,6.617433600000012,0.0,0.0,2.1974399999999994,0.0,0.0,0.0,[0. 0. 0.]
0.0,0.0,6.639309900000011,0.0,0.0,2.177819999999999,0.0,0.0,0.0,[0. 0. 0.]
0.0,0.0,6.6609900000000115,0.0,0.0,2.158199999999999,0.0,0.0,0.0,[0. 0. 0.]
0.0,0.0,6.682473900000011,0.0,0.0,2.138579999999999,0.0,0.0,0.0,[0. 0. 0.]
0.0,0.0,6.7037616000000115,0.0,0.0,2.1189599999999986,0.0,0.0,0.0,[0. 0. 0.]
0.0,0.0,6.724853100000011,0.0,0.0,2.0993399999999984,0.0,0.0,0.0,[0. 0. 0.]
0.0,0.0,6.745748400000012,0.0,0.0,2.0797199999999982,0.0,0.0,0.0,[0. 0. 0.]
0.0,0.0,6.7664475000000115,0.0,0.0,2.060099999999998,0.0,0.0,0.0,[0. 0. 0.]
0.0,0.0,6.786950400000012,0.0,0.0,2.040479999999998,0.0,0.0,0.0,[0. 0. 0.]
0.0,0.0,6.807257100000012,0.0,0.0,2.0208599999999977,0.0,0.0,0.0,[0. 0. 0.]
0.0,0.0,6.827367600000012,0.0,0.0,2.0012399999999975,0.0,0.0,0.0,[0. 0. 0.]
0.0,0.0,6.847281900000012,0.0,0.0,1.9816199999999975,0.0,0.0,0.0,[0. 0. 0.]
0.0,0.0,6.867000000000012,0.0,0.0,1.9619999999999975,0.0,0.0,0.0,[0. 0. 0.]
0.0,0.0,6.886521900000012,0.0,0.0,1.9423799999999976,0.0,0.0,0.0,[0. 0. 0.]
0.0,0.0,6.905847600000012,0.0,0.0,1.9227599999999976,0.0,0.0,0.0,[0. 0. 0.]
0.0,0.0,6.924977100000012,0.0,0.0,1.9031399999999976,0.0,0.0,0.0,[0. 0. 0.]
0.0,0.0,6.943910400000012,0.0,0.0,1.8835199999999976,0.0,0.0,0.0,[0. 0. 0.]
0.0,0.0,6.962647500000012,0.0,0.0,1.8638999999999977,0.0,0.0,0.0,[0. 0. 0.]
0.0,0.0,6.981188400000011,0.0,0.0,1.8442799999999977,0.0,0.0,0.0,[0. 0. 0.]
0.0,0.0,6.999533100000011,0.0,0.0,1.8246599999999977,0.0,0.0,0.0,[0. 0. 0.]
0.0,0.0,7.017681600000011,0.0,0.0,1.8050399999999978,0.0,0.0,0.0,[0. 0. 0.]
0.0,0.0,7.035633900000011,0.0,0.0,1.7854199999999978,0.0,0.0,0.0,[0. 0. 0.]
0.0,0.0,7.053390000000011,0.0,0.0,1.7657999999999978,0.0,0.0,0.0,[0. 0. 0.]
0.0,0.0,7.070949900000011,0.0,0.0,1.7461799999999978,0.0,0.0,0.0,[0. 0. 0.]
0.0,0.0,7.088313600000011,0.0,0.0,1.7265599999999979,0.0,0.0,0.0,[0. 0. 0.]
0.0,0.0,7.105481100000011,0.0,0.0,1.706939999999998,0.0,0.0,0.0,[0. 0. 0.]
0.0,0.0,7.122452400000011,0.0,0.0,1.687319999999998,0.0,0.0,0.0,[0. 0. 0.]
0.0,0.0,7.139227500000011,0.0,0.0,1.667699999999998,0.0,0.0,0.0,[0. 0. 0.]
0.0,0.0,7.155806400000011,0.0,0.0,1.648079999999998,0.0,0.0,0.0,[0. 0. 0.]
0.0,0.0,7.172189100000011,0.0,0.0,1.628459999999998,0.0,0.0,0.0,[0. 0. 0.]
0.0,0.0,7.188375600000011,0.0,0.0,1.608839999999998,0.0,0.0,0.0,[0. 0. 0.]
0.0,0.0,7.2043659000000115,0.0,0.0,1.589219999999998,0.0,0.0,0.0,[0. 0. 0.]
0.0,0.0,7.2201600000000115,0.0,0.0,1.569599999999998,0.0,0.0,0.0,[0. 0. 0.]
0.0,0.0,7.235757900000012,0.0,0.0,1.5499799999999981,0.0,0.0,0.0,[0. 0. 0.]
0.0,0.0,7.251159600000012,0.0,0.0,1.5303599999999982,0.0,0.0,0.0,[0. 0. 0.]
0.0,0.0,7.266365100000012,0.0,0.0,1.5107399999999982,0.0,0.0,0.0,[0. 0. 0.]
0.0,0.0,7.281374400000012,0.0,0.0,1.4911199999999982,0.0,0.0,0.0,[0. 0. 0.]
0.0,0.0,7.296187500000012,0.0,0.0,1.4714999999999983,0.0,0.0,0.0,[0. 0. 0.]
0.0,0.0,7.310804400000012,0.0,0.0,1.4518799999999983,0.0,0.0,0.0,[0. 0. 0.]
0.0,0.0,7.3252251000000115,0.0,0.0,1.4322599999999983,0.0,0.0,0.0,[0. 0. 0.]
0.0,0.0,7.339449600000012,0.0,0.0,1.4126399999999983,0.0,0.0,0.0,[0. 0. 0.]
0.0,0.0,7.353477900000011,0.0,0.0,1.3930199999999984,0.0,0.0,0.0,[0. 0. 0.]
0.0,0.0,7.367310000000011,0.0,0.0,1.3733999999999984,0.0,0.0,0.0,[0. 0. 0.]
0.0,0.0,7.380945900000011,0.0,0.0,1.3537799999999984,0.0,0.0,0.0,[0. 0. 0.]
0.0,0.0,7.394385600000011,0.0,0.0,1.3341599999999985,0.0,0.0,0.0,[0. 0. 0.]
0.0,0.0,7.407629100000011,0.0,0.0,1.3145399999999985,0.0,0.0,0.0,[0. 0. 0.]
0.0,0.0,7.420676400000011,0.0,0.0,1.2949199999999985,0.0,0.0,0.0,[0. 0. 0.]
0.0,0.0,7.433527500000011,0.0,0.0,1.2752999999999985,0.0,0.0,0.0,[0. 0. 0.]
0.0,0.0,7.446182400000011,0.0,0.0,1.2556799999999986,0.0,0.0,0.0,[0. 0. 0.]
0.0,0.0,7.458641100000011,0.0,0.0,1.2360599999999986,0.0,0.0,0.0,[0. 0. 0.]
0.0,0.0,7.470903600000011,0.0,0.0,1.2164399999999986,0.0,0.0,0.0,[0. 0. 0.]
0.0,0.0,7.482969900000011,0.0,0.0,1.1968199999999987,0.0,0.0,0.0,[0. 0. 0.]
0.0,0.0,7.4948400000000115,0.0,0.0,1.1771999999999987,0.0,0.0,0.0,[0. 0. 0.]
0.0,0.0,7.506513900000011,0.0,0.0,1.1575799999999987,0.0,0.0,0.0,[0. 0. 0.]
0.0,0.0,7.517991600000012,0.0,0.0,1.1379599999999988,0.0,0.0,0.0,[0. 0. 0.]
0.0,0.0,7.529273100000012,0.0,0.0,1.1183399999999988,0.0,0.0,0.0,[0. 0. 0.]
0.0,0.0,7.540358400000012,0.0,0.0,1.0987199999999988,0.0,0.0,0.0,[0. 0. 0.]
0.0,0.0,7.551247500000012,0.0,0.0,1.0790999999999988,0.0,0.0,0.0,[0. 0. 0.]
0.0,0.0,7.561940400000012,0.0,0.0,1.0594799999999989,0.0,0.0,0.0,[0. 0. 0.]
0.0,0.0,7.572437100000012,0.0,0.0,1.039859999999999,0.0,0.0,0.0,[0. 0. 0.]
0.0,0.0,7.582737600000011,0.0,0.0,1.020239999999999,0.0,0.0,0.0,[0. 0. 0.]
0.0,0.0,7.592841900000011,0.0,0.0,1.000619999999999,0.0,0.0,0.0,[0. 0. 0.]
0.0,0.0,7.602750000000011,0.0,0.0,0.980999999999999,0.0,0.0,0.0,[0. 0. 0.]
0.0,0.0,7.612461900000011,0.0,0.0,0.961379999999999,0.0,0.0,0.0,[0. 0. 0.]
0.0,0.0,7.621977600000011,0.0,0.0,0.941759999999999,0.0,0.0,0.0,[0. 0. 0.]
0.0,0.0,7.631297100000011,0.0,0.0,0.9221399999999991,0.0,0.0,0.0,[0. 0. 0.]
0.0,0.0,7.640420400000011,0.0,0.0,0.9025199999999991,0.0,0.0,0.0,[0. 0. 0.]
0.0,0.0,7.649347500000011,0.0,0.0,0.8828999999999991,0.0,0.0,0.0,[0. 0. 0.]
0.0,0.0,7.658078400000011,0.0,0.0,0.8632799999999992,0.0,0.0,0.0,[0. 0. 0.]
0.0,0.0,7.666613100000011,0.0,0.0,0.8436599999999992,0.0,0.0,0.0,[0. 0. 0.]
0.0,0.0,7.674951600000011,0.0,0.0,0.8240399999999992,0.0,0.0,0.0,[0. 0. 0.]
0.0,0.0,7.683093900000011,0.0,0.0,0.8044199999999992,0.0,0.0,0.0,[0. 0. 0.]
0.0,0.0,7.691040000000011,0.0,0.0,0.7847999999999993,0.0,0.0,0.0,[0. 0. 0.]
0.0,0.0,7.698789900000011,0.0,0.0,0.7651799999999993,0.0,0.0,0.0,[0. 0. 0.]
0.0,0.0,7.706343600000011,0.0,0.0,0.7455599999999993,0.0,0.0,0.0,[0. 0. 0.]
0.0,0.0,7.713701100000011,0.0,0.0,0.7259399999999994,0.0,0.0,0.0,[0. 0. 0.]
0.0,0.0,7.720862400000011,0.0,0.0,0.7063199999999994,0.0,0.0,0.0,[0. 0. 0.]
0.0,0.0,7.727827500000012,0.0,0.0,0.6866999999999994,0.0,0.0,0.0,[0. 0. 0.]
0.0,0.0,7.734596400000012,0.0,0.0,0.6670799999999995,0.0,0.0,0.0,[0. 0. 0.]
0.0,0.0,7.741169100000012,0.0,0.0,0.6474599999999995,0.0,0.0,0.0,[0. 0. 0.]
0.0,0.0,7.747545600000012,0.0,0.0,0.6278399999999995,0.0,0.0,0.0,[0. 0. 0.]
0.0,0.0,7.753725900000012,0.0,0.0,0.6082199999999995,0.0,0.0,0.0,[0. 0. 0.]
0.0,0.0,7.759710000000012,0.0,0.0,0.5885999999999996,0.0,0.0,0.0,[0. 0. 0.]
0.0,0.0,7.765497900000011,0.0,0.0,0.5689799999999996,0.0,0.0,0.0,[0. 0. 0.]
0.0,0.0,7.771089600000011,0.0,0.0,0.5493599999999996,0.0,0.0,0.0,[0. 0. 0.]
0.0,0.0,7.776485100000011,0.0,0.0,0.5297399999999997,0.0,0.0,0.0,[0. 0. 0.]
0.0,0.0,7.781684400000011,0.0,0.0,0.5101199999999997,0.0,0.0,0.0,[0. 0. 0.]
0.0,0.0,7.786687500000011,0.0,0.0,0.4904999999999997,0.0,0.0,0.0,[0. 0. 0.]
0.0,0.0,7.791494400000011,0.0,0.0,0.47087999999999974,0.0,0.0,0.0,[0. 0. 0.]
0.0,0.0,7.796105100000011,0.0,0.0,0.4512599999999998,0.0,0.0,0.0,[0. 0. 0.]
0.0,0.0,7.800519600000011,0.0,0.0,0.4316399999999998,0.0,0.0,0.0,[0. 0. 0.]
0.0,0.0,7.804737900000011,0.0,0.0,0.41201999999999983,0.0,0.0,0.0,[0. 0. 0.]
0.0,0.0,7.808760000000011,0.0,0.0,0.39239999999999986,0.0,0.0,0.0,[0. 0. 0.]
0.0,0.0,7.812585900000011,0.0,0.0,0.3727799999999999,0.0,0.0,0.0,[0. 0. 0.]
0.0,0.0,7.816215600000011,0.0,0.0,0.3531599999999999,0.0,0.0,0.0,[0. 0. 0.]
0.0,0.0,7.819649100000011,0.0,0.0,0.33353999999999995,0.0,0.0,0.0,[0. 0. 0.]
0.0,0.0,7.822886400000011,0.0,0.0,0.31392,0.0,0.0,0.0,[0. 0. 0.]
0.0,0.0,7.825927500000011,0.0,0.0,0.2943,0.0,0.0,0.0,[0. 0. 0.]
0.0,0.0,7.828772400000012,0.0,0.0,0.27468000000000004,0.0,0.0,0.0,[0. 0. 0.]
0.0,0.0,7.831421100000012,0.0,0.0,0.25506000000000006,0.0,0.0,0.0,[0. 0. 0.]
0.0,0.0,7.833873600000012,0.0,0.0,0.23544000000000007,0.0,0.0,0.0,[0. 0. 0.]
0.0,0.0,7.836129900000012,0.0,0.0,0.21582000000000007,0.0,0.0,0.0,[0. 0. 0.]
0.0,0.0,7.8381900000000115,0.0,0.0,0.19620000000000007,0.0,0.0,0.0,[0. 0. 0.]
0.0,0.0,7.840053900000012,0.0,0.0,0.17658000000000007,0.0,0.0,0.0,[0. 0. 0.]
0.0,0.0,7.841721600000011,0.0,0.0,0.15696000000000007,0.0,0.0,0.0,[0. 0. 0.]
0.0,0.0,7.843193100000011,0.0,0.0,0.13734000000000007,0.0,0.0,0.0,[0. 0. 0.]
0.0,0.0,7.844468400000011,0.0,0.0,0.11772000000000007,0.0,0.0,0.0,[0. 0. 0.]
0.0,0.0,7.845547500000011,0.0,0.0,0.09810000000000008,0.0,0.0,0.0,[0. 0. 0.]
0.0,0.0,7.846430400000011,0.0,0.0,0.07848000000000008,0.0,0.0,0.0,[0. 0. 0.]
0.0,0.0,7.847117100000011,0.0,0.0,0.05886000000000008,0.0,0.0,0.0,[0. 0. 0.]
0.0,0.0,7.847607600000011,0.0,0.0,0.03924000000000008,0.0,0.0,0.0,[0. 0. 0.]
0.0,0.0,7.847901900000011,0.0,0.0,0.019620000000000082,0.0,0.0,0.0,[0. 0. 0.]
0.0,0.0,7.8480000000000105,0.0,0.0,8.326672684688674e-17,0.0,0.0,0.0,[0. 0. 0.]
0.0,0.0,7.8480000000000105,0.0,0.0,8.326672684688674e-17,0.0,0.0,0.0,[0. 0. 0.]
0.0,0.0,7.8480000000000105,0.0,0.0,8.326672684688674e-17,0.0,0.0,0.0,[0. 0. 0.]
0.0,0.0,7.8480000000000105,0.0,0.0,8.326672684688674e-17,0.0,0.0,0.0,[0. 0. 0.]
0.0,0.0,7.8480000000000105,0.0,0.0,8.326672684688674e-17,0.0,0.0,0.0,[0. 0. 0.]
0.0,0.0,7.8480000000000105,0.0,0.0,8.326672684688674e-17,0.0,0.0,0.0,[0. 0. 0.]
0.0,0.0,7.8480000000000105,0.0,0.0,8.326672684688674e-17,0.0,0.0,0.0,[0. 0. 0.]
0.0,0.0,7.8480000000000105,0.0,0.0,8.326672684688674e-17,0.0,0.0,0.0,[0. 0. 0.]
0.0,0.0,7.8480000000000105,0.0,0.0,8.326672684688674e-17,0.0,0.0,0.0,[0. 0. 0.]
0.0,0.0,7.8480000000000105,0.0,0.0,8.326672684688674e-17,0.0,0.0,0.0,[0. 0. 0.]
0.0,0.0,7.8480000000000105,0.0,0.0,8.326672684688674e-17,0.0,0.0,0.0,[0. 0. 0.]
0.0,0.0,7.8480000000000105,0.0,0.0,8.326672684688674e-17,0.0,0.0,0.0,[0. 0. 0.]
0.0,0.0,7.8480000000000105,0.0,0.0,8.326672684688674e-17,0.0,0.0,0.0,[0. 0. 0.]
0.0,0.0,7.8480000000000105,0.0,0.0,8.326672684688674e-17,0.0,0.0,0.0,[0. 0. 0.]
0.0,0.0,7.8480000000000105,0.0,0.0,8.326672684688674e-17,0.0,0.0,0.0,[0. 0. 0.]
0.0,0.0,7.8480000000000105,0.0,0.0,8.326672684688674e-17,0.0,0.0,0.0,[0. 0. 0.]
0.0,0.0,7.8480000000000105,0.0,0.0,8.326672684688674e-17,0.0,0.0,0.0,[0. 0. 0.]
0.0,0.0,7.8480000000000105,0.0,0.0,8.326672684688674e-17,0.0,0.0,0.0,[0. 0. 0.]
0.0,0.0,7.8480000000000105,0.0,0.0,8.326672684688674e-17,0.0,0.0,0.0,[0. 0. 0.]
0.0,0.0,7.8480000000000105,0.0,0.0,8.326672684688674e-17,0.0,0.0,0.0,[0. 0. 0.]
0.0,0.0,7.8480000000000105,0.0,0.0,8.326672684688674e-17,0.0,0.0,0.0,[0. 0. 0.]
0.0,0.0,7.8480000000000105,0.0,0.0,8.326672684688674e-17,0.0,0.0,0.0,[0. 0. 0.]
0.0,0.0,7.8480000000000105,0.0,0.0,8.326672684688674e-17,0.0,0.0,0.0,[0. 0. 0.]
0.0,0.0,7.8480000000000105,0.0,0.0,8.326672684688674e-17,0.0,0.0,0.0,[0. 0. 0.]
0.0,0.0,7.8480000000000105,0.0,0.0,8.326672684688674e-17,0.0,0.0,0.0,[0. 0. 0.]
0.0,0.0,7.8480000000000105,0.0,0.0,8.326672684688674e-17,0.0,0.0,0.0,[0. 0. 0.]
0.0,0.0,7.8480000000000105,0.0,0.0,8.326672684688674e-17,0.0,0.0,0.0,[0. 0. 0.]
0.0,0.0,7.8480000000000105,0.0,0.0,8.326672684688674e-17,0.0,0.0,0.0,[0. 0. 0.]
0.0,0.0,7.8480000000000105,0.0,0.0,8.326672684688674e-17,0.0,0.0,0.0,[0. 0. 0.]
0.0,0.0,7.8480000000000105,0.0,0.0,8.326672684688674e-17,0.0,0.0,0.0,[0. 0. 0.]
0.0,0.0,7.8480000000000105,0.0,0.0,8.326672684688674e-17,0.0,0.0,0.0,[0. 0. 0.]
0.0,0.0,7.8480000000000105,0.0,0.0,8.326672684688674e-17,0.0,0.0,0.0,[0. 0. 0.]
0.0,0.0,7.8480000000000105,0.0,0.0,8.326672684688674e-17,0.0,0.0,0.0,[0. 0. 0.]
0.0,0.0,7.8480000000000105,0.0,0.0,8.326672684688674e-17,0.0,0.0,0.0,[0. 0. 0.]
0.0,0.0,7.8480000000000105,0.0,0.0,8.326672684688674e-17,0.0,0.0,0.0,[0. 0. 0.]
0.0,0.0,7.8480000000000105,0.0,0.0,8.326672684688674e-17,0.0,0.0,0.0,[0. 0. 0.]
0.0,0.0,7.8480000000000105,0.0,0.0,8.326672684688674e-17,0.0,0.0,0.0,[0. 0. 0.]
0.0,0.0,7.8480000000000105,0.0,0.0,8.326672684688674e-17,0.0,0.0,0.0,[0. 0. 0.]
0.0,0.0,7.8480000000000105,0.0,0.0,8.326672684688674e-17,0.0,0.0,0.0,[0. 0. 0.]
0.0,0.0,7.8480000000000105,0.0,0.0,8.326672684688674e-17,0.0,0.0,0.0,[0. 0. 0.]
0.0,0.0,7.8480000000000105,0.0,0.0,8.326672684688674e-17,0.0,0.0,0.0,[0. 0. 0.]
0.0,0.0,7.8480000000000105,0.0,0.0,8.326672684688674e-17,0.0,0.0,0.0,[0. 0. 0.]
0.0,0.0,7.8480000000000105,0.0,0.0,8.326672684688674e-17,0.0,0.0,0.0,[0. 0. 0.]
0.0,0.0,7.8480000000000105,0.0,0.0,8.326672684688674e-17,0.0,0.0,0.0,[0. 0. 0.]
0.0,0.0,7.8480000000000105,0.0,0.0,8.326672684688674e-17,0.0,0.0,0.0,[0. 0. 0.]
0.0,0.0,7.8480000000000105,0.0,0.0,8.326672684688674e-17,0.0,0.0,0.0,[0. 0. 0.]
0.0,0.0,7.8480000000000105,0.0,0.0,8.326672684688674e-17,0.0,0.0,0.0,[0. 0. 0.]
0.0,0.0,7.8480000000000105,0.0,0.0,8.326672684688674e-17,0.0,0.0,0.0,[0. 0. 0.]
0.0,0.0,7.8480000000000105,0.0,0.0,8.326672684688674e-17,0.0,0.0,0.0,[0. 0. 0.]
0.0,0.0,7.8480000000000105,0.0,0.0,8.326672684688674e-17,0.0,0.0,0.0,[0. 0. 0.]
0.0,0.0,7.8480000000000105,0.0,0.0,8.326672684688674e-17,0.0,0.0,0.0,[0. 0. 0.]
0.0,0.0,7.8480000000000105,0.0,0.0,8.326672684688674e-17,0.0,0.0,0.0,[0. 0. 0.]
0.0,0.0,7.8480000000000105,0.0,0.0,8.326672684688674e-17,0.0,0.0,0.0,[0. 0. 0.]
0.0,0.0,7.8480000000000105,0.0,0.0,8.326672684688674e-17,0.0,0.0,0.0,[0. 0. 0.]
0.0,0.0,7.8480000000000105,0.0,0.0,8.326672684688674e-17,0.0,0.0,0.0,[0. 0. 0.]
0.0,0.0,7.8480000000000105,0.0,0.0,8.326672684688674e-17,0.0,0.0,0.0,[0. 0. 0.]
0.0,0.0,7.8480000000000105,0.0,0.0,8.326672684688674e-17,0.0,0.0,0.0,[0. 0. 0.]
0.0,0.0,7.8480000000000105,0.0,0.0,8.326672684688674e-17,0.0,0.0,0.0,[0. 0. 0.]
0.0,0.0,7.8480000000000105,0.0,0.0,8.326672684688674e-17,0.0,0.0,0.0,[0. 0. 0.]
0.0,0.0,7.8480000000000105,0.0,0.0,8.326672684688674e-17,0.0,0.0,0.0,[0. 0. 0.]
0.0,0.0,7.8480000000000105,0.0,0.0,8.326672684688674e-17,0.0,0.0,0.0,[0. 0. 0.]
0.0,0.0,7.8480000000000105,0.0,0.0,8.326672684688674e-17,0.0,0.0,0.0,[0. 0. 0.]
0.0,0.0,7.8480000000000105,0.0,0.0,8.326672684688674e-17,0.0,0.0,0.0,[0. 0. 0.]
0.0,0.0,7.8480000000000105,0.0,0.0,8.326672684688674e-17,0.0,0.0,0.0,[0. 0. 0.]
0.0,0.0,7.8480000000000105,0.0,0.0,8.326672684688674e-17,0.0,0.0,0.0,[0. 0. 0.]
0.0,0.0,7.8480000000000105,0.0,0.0,8.326672684688674e-17,0.0,0.0,0.0,[0. 0. 0.]
0.0,0.0,7.8480000000000105,0.0,0.0,8.326672684688674e-17,0.0,0.0,0.0,[0. 0. 0.]
0.0,0.0,7.8480000000000105,0.0,0.0,8.326672684688674e-17,0.0,0.0,0.0,[0. 0. 0.]
0.0,0.0,7.8480000000000105,0.0,0.0,8.326672684688674e-17,0.0,0.0,0.0,[0. 0. 0.]
0.0,0.0,7.8480000000000105,0.0,0.0,8.326672684688674e-17,0.0,0.0,0.0,[0. 0. 0.]
0.0,0.0,7.8480000000000105,0.0,0.0,8.326672684688674e-17,0.0,0.0,0.0,[0. 0. 0.]
0.0,0.0,7.8480000000000105,0.0,0.0,8.326672684688674e-17,0.0,0.0,0.0,[0. 0. 0.]
0.0,0.0,7.8480000000000105,0.0,0.0,8.326672684688674e-17,0.0,0.0,0.0,[0. 0. 0.]
0.0,0.0,7.8480000000000105,0.0,0.0,8.326672684688674e-17,0.0,0.0,0.0,[0. 0. 0.]
0.0,0.0,7.8480000000000105,0.0,0.0,8.326672684688674e-17,0.0,0.0,0.0,[0. 0. 0.]
0.0,0.0,7.8480000000000105,0.0,0.0,8.326672684688674e-17,0.0,0.0,0.0,[0. 0. 0.]
0.0,0.0,7.8480000000000105,0.0,0.0,8.326672684688674e-17,0.0,0.0,0.0,[0. 0. 0.]
0.0,0.0,7.8480000000000105,0.0,0.0,8.326672684688674e-17,0.0,0.0,0.0,[0. 0. 0.]
0.0,0.0,7.8480000000000105,0.0,0.0,8.326672684688674e-17,0.0,0.0,0.0,[0. 0. 0.]
0.0,0.0,7.8480000000000105,0.0,0.0,8.326672684688674e-17,0.0,0.0,0.0,[0. 0. 0.]
0.0,0.0,7.8480000000000105,0.0,0.0,8.326672684688674e-17,0.0,0.0,0.0,[0. 0. 0.]
0.0,0.0,7.8480000000000105,0.0,0.0,8.326672684688674e-17,0.0,0.0,0.0,[0. 0. 0.]
0.0,0.0,7.8480000000000105,0.0,0.0,8.326672684688674e-17,0.0,0.0,0.0,[0. 0. 0.]
0.0,0.0,7.8480000000000105,0.0,0.0,8.326672684688674e-17,0.0,0.0,0.0,[0. 0. 0.]
0.0,0.0,7.8480000000000105,0.0,0.0,8.326672684688674e-17,0.0,0.0,0.0,[0. 0. 0.]
0.0,0.0,7.8480000000000105,0.0,0.0,8.326672684688674e-17,0.0,0.0,0.0,[0. 0. 0.]
0.0,0.0,7.8480000000000105,0.0,0.0,8.326672684688674e-17,0.0,0.0,0.0,[0. 0. 0.]
0.0,0.0,7.8480000000000105,0.0,0.0,8.326672684688674e-17,0.0,0.0,0.0,[0. 0. 0.]
0.0,0.0,7.8480000000000105,0.0,0.0,8.326672684688674e-17,0.0,0.0,0.0,[0. 0. 0.]
0.0,0.0,7.8480000000000105,0.0,0.0,8.326672684688674e-17,0.0,0.0,0.0,[0. 0. 0.]
0.0,0.0,7.8480000000000105,0.0,0.0,8.326672684688674e-17,0.0,0.0,0.0,[0. 0. 0.]
0.0,0.0,7.8480000000000105,0.0,0.0,8.326672684688674e-17,0.0,0.0,0.0,[0. 0. 0.]
0.0,0.0,7.8480000000000105,0.0,0.0,8.326672684688674e-17,0.0,0.0,0.0,[0. 0. 0.]
0.0,0.0,7.8480000000000105,0.0,0.0,8.326672684688674e-17,0.0,0.0,0.0,[0. 0. 0.]
0.0,0.0,7.8480000000000105,0.0,0.0,8.326672684688674e-17,0.0,0.0,0.0,[0. 0. 0.]
0.0,0.0,7.8480000000000105,0.0,0.0,8.326672684688674e-17,0.0,0.0,0.0,[0. 0. 0.]
0.0,0.0,7.8480000000000105,0.0,0.0,8.326672684688674e-17,0.0,0.0,0.0,[0. 0. 0.]
0.0,0.0,7.8480000000000105,0.0,0.0,8.326672684688674e-17,0.0,0.0,0.0,[0. 0. 0.]
0.0,0.0,7.8480000000000105,0.0,0.0,8.326672684688674e-17,0.0,0.0,0.0,[0. 0. 0.]
0.0,0.0,7.8480000000000105,0.0,0.0,8.326672684688674e-17,0.0,0.0,0.0,[0. 0. 0.]
0.0,0.0,7.8480000000000105,0.0,0.0,8.326672684688674e-17,0.0,0.0,0.0,[0. 0. 0.]
0.0,0.0,7.8480000000000105,0.0,0.0,8.326672684688674e-17,0.0,0.0,0.0,[0. 0. 0.]
0.0,0.0,7.8480000000000105,0.0,0.0,8.326672684688674e-17,0.0,0.0,0.0,[0. 0. 0.]
0.0,0.0,7.8480000000000105,0.0,0.0,8.326672684688674e-17,0.0,0.0,0.0,[0. 0. 0.]
0.0,0.0,7.8480000000000105,0.0,0.0,8.326672684688674e-17,0.0,0.0,0.0,[0. 0. 0.]
0.0,0.0,7.8480000000000105,0.0,0.0,8.326672684688674e-17,0.0,0.0,0.0,[0. 0. 0.]
0.0,0.0,7.8480000000000105,0.0,0.0,8.326672684688674e-17,0.0,0.0,0.0,[0. 0. 0.]
0.0,0.0,7.8480000000000105,0.0,0.0,8.326672684688674e-17,0.0,0.0,0.0,[0. 0. 0.]
0.0,0.0,7.8480000000000105,0.0,0.0,8.326672684688674e-17,0.0,0.0,0.0,[0. 0. 0.]
0.0,0.0,7.8480000000000105,0.0,0.0,8.326672684688674e-17,0.0,0.0,0.0,[0. 0. 0.]
0.0,0.0,7.8480000000000105,0.0,0.0,8.326672684688674e-17,0.0,0.0,0.0,[0. 0. 0.]
0.0,0.0,7.8480000000000105,0.0,0.0,8.326672684688674e-17,0.0,0.0,0.0,[0. 0. 0.]
0.0,0.0,7.8480000000000105,0.0,0.0,8.326672684688674e-17,0.0,0.0,0.0,[0. 0. 0.]
0.0,0.0,7.8480000000000105,0.0,0.0,8.326672684688674e-17,0.0,0.0,0.0,[0. 0. 0.]
0.0,0.0,7.8480000000000105,0.0,0.0,8.326672684688674e-17,0.0,0.0,0.0,[0. 0. 0.]
0.0,0.0,7.8480000000000105,0.0,0.0,8.326672684688674e-17,0.0,0.0,0.0,[0. 0. 0.]
0.0,0.0,7.8480000000000105,0.0,0.0,8.326672684688674e-17,0.0,0.0,0.0,[0. 0. 0.]
0.0,0.0,7.8480000000000105,0.0,0.0,8.326672684688674e-17,0.0,0.0,0.0,[0. 0. 0.]
0.0,0.0,7.8480000000000105,0.0,0.0,8.326672684688674e-17,0.0,0.0,0.0,[0. 0. 0.]
0.0,0.0,7.8480000000000105,0.0,0.0,8.326672684688674e-17,0.0,0.0,0.0,[0. 0. 0.]
0.0,0.0,7.8480000000000105,0.0,0.0,8.326672684688674e-17,0.0,0.0,0.0,[0. 0. 0.]
0.0,0.0,7.8480000000000105,0.0,0.0,8.326672684688674e-17,0.0,0.0,0.0,[0. 0. 0.]
0.0,0.0,7.8480000000000105,0.0,0.0,8.326672684688674e-17,0.0,0.0,0.0,[0. 0. 0.]
0.0,0.0,7.8480000000000105,0.0,0.0,8.326672684688674e-17,0.0,0.0,0.0,[0. 0. 0.]
0.0,0.0,7.8480000000000105,0.0,0.0,8.326672684688674e-17,0.0,0.0,0.0,[0. 0. 0.]
0.0,0.0,7.8480000000000105,0.0,0.0,8.326672684688674e-17,0.0,0.0,0.0,[0. 0. 0.]
0.0,0.0,7.8480000000000105,0.0,0.0,8.326672684688674e-17,0.0,0.0,0.0,[0. 0. 0.]
0.0,0.0,7.8480000000000105,0.0,0.0,8.326672684688674e-17,0.0,0.0,0.0,[0. 0. 0.]
0.0,0.0,7.8480000000000105,0.0,0.0,8.326672684688674e-17,0.0,0.0,0.0,[0. 0. 0.]
0.0,0.0,7.8480000000000105,0.0,0.0,8.326672684688674e-17,0.0,0.0,0.0,[0. 0. 0.]
0.0,0.0,7.8480000000000105,0.0,0.0,8.326672684688674e-17,0.0,0.0,0.0,[0. 0. 0.]
0.0,0.0,7.8480000000000105,0.0,0.0,8.326672684688674e-17,0.0,0.0,0.0,[0. 0. 0.]
0.0,0.0,7.8480000000000105,0.0,0.0,8.326672684688674e-17,0.0,0.0,0.0,[0. 0. 0.]
0.0,0.0,7.8480000000000105,0.0,0.0,8.326672684688674e-17,0.0,0.0,0.0,[0. 0. 0.]
0.0,0.0,7.8480000000000105,0.0,0.0,8.326672684688674e-17,0.0,0.0,0.0,[0. 0. 0.]
0.0,0.0,7.8480000000000105,0.0,0.0,8.326672684688674e-17,0.0,0.0,0.0,[0. 0. 0.]
0.0,0.0,7.8480000000000105,0.0,0.0,8.326672684688674e-17,0.0,0.0,0.0,[0. 0. 0.]
0.0,0.0,7.8480000000000105,0.0,0.0,8.326672684688674e-17,0.0,0.0,0.0,[0. 0. 0.]
0.0,0.0,7.8480000000000105,0.0,0.0,8.326672684688674e-17,0.0,0.0,0.0,[0. 0. 0.]
0.0,0.0,7.8480000000000105,0.0,0.0,8.326672684688674e-17,0.0,0.0,0.0,[0. 0. 0.]
0.0,0.0,7.8480000000000105,0.0,0.0,8.326672684688674e-17,0.0,0.0,0.0,[0. 0. 0.]
0.0,0.0,7.8480000000000105,0.0,0.0,8.326672684688674e-17,0.0,0.0,0.0,[0. 0. 0.]
0.0,0.0,7.8480000000000105,0.0,0.0,8.326672684688674e-17,0.0,0.0,0.0,[0. 0. 0.]
0.0,0.0,7.8480000000000105,0.0,0.0,8.326672684688674e-17,0.0,0.0,0.0,[0. 0. 0.]
0.0,0.0,7.8480000000000105,0.0,0.0,8.326672684688674e-17,0.0,0.0,0.0,[0. 0. 0.]
0.0,0.0,7.8480000000000105,0.0,0.0,8.326672684688674e-17,0.0,0.0,0.0,[0. 0. 0.]
0.0,0.0,7.8480000000000105,0.0,0.0,8.326672684688674e-17,0.0,0.0,0.0,[0. 0. 0.]
0.0,0.0,7.8480000000000105,0.0,0.0,8.326672684688674e-17,0.0,0.0,0.0,[0. 0. 0.]
0.0,0.0,7.8480000000000105,0.0,0.0,8.326672684688674e-17,0.0,0.0,0.0,[0. 0. 0.]
0.0,0.0,7.8480000000000105,0.0,0.0,8.326672684688674e-17,0.0,0.0,0.0,[0. 0. 0.]
0.0,0.0,7.8480000000000105,0.0,0.0,8.326672684688674e-17,0.0,0.0,0.0,[0. 0. 0.]
0.0,0.0,7.8480000000000105,0.0,0.0,8.326672684688674e-17,0.0,0.0,0.0,[0. 0. 0.]
0.0,0.0,7.8480000000000105,0.0,0.0,8.326672684688674e-17,0.0,0.0,0.0,[0. 0. 0.]
0.0,0.0,7.8480000000000105,0.0,0.0,8.326672684688674e-17,0.0,0.0,0.0,[0. 0. 0.]
0.0,0.0,7.8480000000000105,0.0,0.0,8.326672684688674e-17,0.0,0.0,0.0,[0. 0. 0.]
0.0,0.0,7.8480000000000105,0.0,0.0,8.326672684688674e-17,0.0,0.0,0.0,[0. 0. 0.]
0.0,0.0,7.8480000000000105,0.0,0.0,8.326672684688674e-17,0.0,0.0,0.0,[0. 0. 0.]
0.0,0.0,7.8480000000000105,0.0,0.0,8.326672684688674e-17,0.0,0.0,0.0,[0. 0. 0.]
0.0,0.0,7.8480000000000105,0.0,0.0,8.326672684688674e-17,0.0,0.0,0.0,[0. 0. 0.]
0.0,0.0,7.8480000000000105,0.0,0.0,8.326672684688674e-17,0.0,0.0,0.0,[0. 0. 0.]
0.0,0.0,7.8480000000000105,0.0,0.0,8.326672684688674e-17,0.0,0.0,0.0,[0. 0. 0.]
0.0,0.0,7.8480000000000105,0.0,0.0,8.326672684688674e-17,0.0,0.0,0.0,[0. 0. 0.]
0.0,0.0,7.8480000000000105,0.0,0.0,8.326672684688674e-17,0.0,0.0,0.0,[0. 0. 0.]
0.0,0.0,7.8480000000000105,0.0,0.0,8.326672684688674e-17,0.0,0.0,0.0,[0. 0. 0.]
0.0,0.0,7.8480000000000105,0.0,0.0,8.326672684688674e-17,0.0,0.0,0.0,[0. 0. 0.]
0.0,0.0,7.8480000000000105,0.0,0.0,8.326672684688674e-17,0.0,0.0,0.0,[0. 0. 0.]
0.0,0.0,7.8480000000000105,0.0,0.0,8.326672684688674e-17,0.0,0.0,0.0,[0. 0. 0.]
0.0,0.0,7.8480000000000105,0.0,0.0,8.326672684688674e-17,0.0,0.0,0.0,[0. 0. 0.]
0.0,0.0,7.8480000000000105,0.0,0.0,8.326672684688674e-17,0.0,0.0,0.0,[0. 0. 0.]
0.0,0.0,7.8480000000000105,0.0,0.0,8.326672684688674e-17,0.0,0.0,0.0,[0. 0. 0.]
0.0,0.0,7.8480000000000105,0.0,0.0,8.326672684688674e-17,0.0,0.0,0.0,[0. 0. 0.]
0.0,0.0,7.8480000000000105,0.0,0.0,8.326672684688674e-17,0.0,0.0,0.0,[0. 0. 0.]
0.0,0.0,7.8480000000000105,0.0,0.0,8.326672684688674e-17,0.0,0.0,0.0,[0. 0. 0.]
0.0,0.0,7.8480000000000105,0.0,0.0,8.326672684688674e-17,0.0,0.0,0.0,[0. 0. 0.]
0.0,0.0,7.8480000000000105,0.0,0.0,8.326672684688674e-17,0.0,0.0,0.0,[0. 0. 0.]
0.0,0.0,7.8480000000000105,0.0,0.0,8.326672684688674e-17,0.0,0.0,0.0,[0. 0. 0.]
0.0,0.0,7.8480000000000105,0.0,0.0,8.326672684688674e-17,0.0,0.0,0.0,[0. 0. 0.]
0.0,0.0,7.8480000000000105,0.0,0.0,8.326672684688674e-17,0.0,0.0,0.0,[0. 0. 0.]
0.0,0.0,7.8480000000000105,0.0,0.0,8.326672684688674e-17,0.0,0.0,0.0,[0. 0. 0.]
0.0,0.0,7.8480000000000105,0.0,0.0,8.326672684688674e-17,0.0,0.0,0.0,[0. 0. 0.]
0.0,0.0,7.8480000000000105,0.0,0.0,8.326672684688674e-17,0.0,0.0,0.0,[0. 0. 0.]
0.0,0.0,7.8480000000000105,0.0,0.0,8.326672684688674e-17,0.0,0.0,0.0,[0. 0. 0.]
0.0,0.0,7.8480000000000105,0.0,0.0,8.326672684688674e-17,0.0,0.0,0.0,[0. 0. 0.]
0.0,0.0,7.8480000000000105,0.0,0.0,8.326672684688674e-17,0.0,0.0,0.0,[0. 0. 0.]
0.0,0.0,7.8480000000000105,0.0,0.0,8.326672684688674e-17,0.0,0.0,0.0,[0. 0. 0.]
0.0,0.0,7.8480000000000105,0.0,0.0,8.326672684688674e-17,0.0,0.0,0.0,[0. 0. 0.]
0.0,0.0,7.8480000000000105,0.0,0.0,8.326672684688674e-17,0.0,0.0,0.0,[0. 0. 0.]
0.0,0.0,7.8480000000000105,0.0,0.0,8.326672684688674e-17,0.0,0.0,0.0,[0. 0. 0.]
0.0,0.0,7.8480000000000105,0.0,0.0,8.326672684688674e-17,0.0,0.0,0.0,[0. 0. 0.]
0.0,0.0,7.8480000000000105,0.0,0.0,8.326672684688674e-17,0.0,0.0,0.0,[0. 0. 0.]
0.0,0.0,7.8480000000000105,0.0,0.0,8.326672684688674e-17,0.0,0.0,0.0,[0. 0. 0.]
0.0,0.0,7.8480000000000105,0.0,0.0,8.326672684688674e-17,0.0,0.0,0.0,[0. 0. 0.]
0.0,0.0,7.8480000000000105,0.0,0.0,8.326672684688674e-17,0.0,0.0,0.0,[0. 0. 0.]
0.0,0.0,7.8480000000000105,0.0,0.0,8.326672684688674e-17,0.0,0.0,0.0,[0. 0. 0.]
0.0,0.0,7.8480000000000105,0.0,0.0,8.326672684688674e-17,0.0,0.0,0.0,[0. 0. 0.]
0.0,0.0,7.8480000000000105,0.0,0.0,8.326672684688674e-17,0.0,0.0,0.0,[0. 0. 0.]
0.0,0.0,7.8480000000000105,0.0,0.0,8.326672684688674e-17,0.0,0.0,0.0,[0. 0. 0.]
0.0,0.0,7.8480000000000105,0.0,0.0,8.326672684688674e-17,0.0,0.0,0.0,[0. 0. 0.]
0.0,0.0,7.8480000000000105,0.0,0.0,8.326672684688674e-17,0.0,0.0,0.0,[0. 0. 0.]
0.0,0.0,7.8480000000000105,0.0,0.0,8.326672684688674e-17,0.0,0.0,0.0,[0. 0. 0.]
0.0,0.0,7.8480000000000105,0.0,0.0,8.326672684688674e-17,0.0,0.0,0.0,[0. 0. 0.]
-1.0124839681156423e-08,0.0,7.8480049049997005,-4.049935868656417e-06,0.0,0.0009809998137663193,0.0,-0.00012262500000000012,0.0,[ 0.       -0.024525  0.      ]
-1.619974336805339e-07,0.0,7.84801961998387,-3.239948642400227e-05,0.0,0.0019619951579221227,0.0,-0.0004905000000000005,0.0,[ 0.      -0.04905  0.     ]
-8.201119794615588e-07,0.0,7.848044144818433,-0.00010934825904491422,0.0,0.00294296368441701,0.0,-0.001103625000000001,0.0,[ 0.       -0.073575  0.      ]
-2.591958605165104e-06,0.0,7.8480784789819324,-0.0002591958245712106,0.0,0.0039238472883360315,0.0,-0.001962000000000002,0.0,[ 0.     -0.0981  0.    ]
-6.328022684502295e-06,0.0,7.8481226211185895,-0.0005062416442255818,0.0,0.004904534229544371,0.0,-0.0030656250000000032,0.0,[ 0.       -0.122625  0.      ]
-1.3121783110285584e-05,0.0,7.848176568412551,-0.0008747849307654715,0.0,0.005884841254529574,0.0,-0.004414500000000004,0.0,[ 0.      -0.14715  0.     ]
-2.430970875928322e-05,0.0,7.848240315783375,-0.0013891244219421406,0.0,0.006864495718682852,0.0,-0.006008625000000006,0.0,[ 0.       -0.171675  0.      ]
-4.147125216185891e-05,0.0,7.848313854902728,-0.002073558044345142,0.0,0.007843117709411523,0.0,-0.007848000000000008,0.0,[ 0.     -0.1962  0.    ]
-6.642883917064926e-05,0.0,7.848397173032329,-0.002952382445712306,0.0,0.008820202170662829,0.0,-0.009932625000000011,0.0,[ 0.       -0.220725  0.      ]
-0.00010124785320334709,0.0,7.848490251683146,-0.004049892373788487,0.0,0.009795101029665184,0.0,-0.012262500000000013,0.0,[ 0.      -0.24525  0.     ]
-0.00014823661241551413,0.0,7.848593065095877,-0.005390379879821276,0.0,0.010767005326956262,0.0,-0.014837625000000016,0.0,[ 0.       -0.269775  0.      ]
-0.00020994633794026315,0.0,7.8487055785427495,-0.006998133324789174,0.0,0.011734927351068418,0.0,-0.017658000000000017,0.0,[ 0.     -0.2943  0.    ]
-0.0002891711111126532,0.0,7.8488277464507,-0.008897436166468091,0.0,0.012697682779580577,0.0,-0.02072362500000002,0.0,[ 0.       -0.318825  0.      ]
-0.00038894781737776763,0.0,7.848959510346007,-0.011112565505456135,0.0,0.013653872828621827,0.0,-0.02403450000000002,0.0,[ 0.      -0.34335  0.     ]
-0.0005125560743627332,0.0,7.849100796620465,-0.013667790368295378,0.0,0.014601866413325695,0.0,-0.027590625000000025,0.0,[ 0.       -0.367875  0.      ]
-0.0006635181413744424,0.0,7.849251514119234,-0.01658736970585358,0.0,0.0155397823221852,0.0,-0.03139200000000003,0.0,[ 0.     -0.3924  0.    ]
-0.0008455988073665188,0.0,7.849411551550518,-0.019895550085159582,0.0,0.01646547140874741,0.0,-0.035438625000000036,0.0,[ 0.       -0.416925  0.      ]
-0.0010628052542011857,0.0,7.849580774717258,-0.023616563052924408,0.0,0.017376498804611975,0.0,-0.039730500000000044,0.0,[ 0.      -0.44145  0.     ]
-0.0013193868918142497,0.0,7.8497590235710835,-0.027774622149027393,0.0,0.0182701261582614,0.0,-0.044267625000000047,0.0,[ 0.       -0.465975  0.      ]
-0.0016198351616744783,0.0,7.849946109088804,-0.03239391954830353,0.0,0.019143293904850856,0.0,-0.04905000000000005,0.0,[ 0.     -0.4905  0.    ]
-0.001968883304712344,0.0,7.850141809971774,-0.03749862230903686,0.0,0.01999260357272238,0.0,-0.05407762500000006,0.0,[ 0.       -0.515025  0.      ]
-0.002371506089677555,0.0,7.8503458691685335,-0.043112868206645866,0.0,0.02081430013308254,0.0,-0.05935050000000006,0.0,[ 0.      -0.53955  0.     ]
-0.0028329194976701084,0.0,7.850557990221194,-0.04926076113114198,0.0,0.02160425439999247,0.0,-0.06486862500000007,0.0,[ 0.       -0.564075  0.      ]
-0.003358580358375963,0.0,7.850777833436103,-0.05596636602705378,0.0,0.02235794548856647,0.0,-0.07063200000000007,0.0,[ 0.     -0.5886  0.    ]
-0.003954185933325978,0.0,7.851005011879423,-0.06325370335463776,0.0,0.023070443340057457,0.0,-0.07664062500000007,0.0,[ 0.       -0.613125  0.      ]
-0.004625673441285694,0.0,7.851239087198329,-0.07114674305134426,0.0,0.02373639132332621,0.0,-0.08289450000000008,0.0,[ 0.      -0.63765  0.     ]
-0.005379219520674042,0.0,7.8514795652686535,-0.07966939797267583,0.0,0.024349988923044647,0.0,-0.08939362500000009,0.0,[ 0.       -0.662175  0.      ]
-0.0062212396237013865,0.0,7.8517258916698855,-0.08884551679176664,0.0,0.024904974525871742,0.0,-0.0961380000000001,0.0,[ 0.     -0.6867  0.    ]
-0.007158387336711634,0.0,7.851977446988575,-0.09869887633722772,0.0,0.025394608316763056,0.0,-0.10312762500000011,0.0,[ 0.       -0.711225  0.      ]
-0.0081975536210098,0.0,7.852233541951307,-0.10925317334904572,0.0,0.02581165529853129,0.0,-0.11036250000000011,0.0,[ 0.      -0.73575  0.     ]
-0.009345865968255629,0.0,7.852493412388542,-0.12053201563259457,0.0,0.026148368448764257,0.0,-0.11784262500000012,0.0,[ 0.       -0.760275  0.      ]
-0.010610687464305917,0.0,7.852756214030779,-0.13255891259112243,0.0,0.026396472029228284,0.0,-0.12556800000000012,0.0,[ 0.     -0.7848  0.    ]
-0.011999615755193534,0.0,7.85302101713864,-0.14535726511741198,0.0,0.02654714506393804,0.0,-0.13353862500000013,0.0,[ 0.       -0.809325  0.      ]
-0.01352048190873985,0.0,7.853286800968647,-0.15895035482568384,0.0,0.02659100500315723,0.0,-0.14175450000000014,0.0,[ 0.      -0.83385  0.     ]
-0.015181349165110075,0.0,7.853552448076651,-0.1733613326052224,0.0,0.026518091591707843,0.0,-0.15021562500000016,0.0,[ 0.       -0.858375  0.      ]
-0.016990511569437965,0.0,7.853816738461043,-0.18861320647765262,0.0,0.026317850961107035,0.0,-0.15892200000000017,0.0,[ 0.     -0.8829  0.    ]
-0.018956492479468096,0.0,7.85407834354809,-0.20472882874028908,0.0,0.02597911996621975,0.0,-0.1678736250000002,0.0,[ 0.       -0.907425  0.      ]
-0.021088042940990735,0.0,7.854335820021953,-0.2217308823785163,0.0,0.025490110788309768,0.0,-0.1770705000000002,0.0,[ 0.      -0.93195  0.     ]
-0.023394139923676862,0.0,7.854587603502164,-0.2396418667307439,0.0,0.02483839582759127,0.0,-0.1865126250000002,0.0,[ 0.       -0.956475  0.      ]
-0.02588398440975941,0.0,7.854832002071573,-0.2584840823901174,0.0,0.024010892909625027,0.0,-0.1962000000000002,0.0,[ 0.    -0.981  0.   ]
-0.02856699932785205,0.0,7.855067189658038,-0.2782796153278528,0.0,0.02299385083116692,0.0,-0.2061326250000002,0.0,[ 0.       -1.005525  0.      ]
-0.031452827324049165,0.0,7.85529119927338,-0.29905032022380845,0.0,0.02177283527235903,0.0,-0.2163105000000002,0.0,[ 0.      -1.03005  0.     ]
-0.03455132836231077,0.0,7.855501916113413,-0.3208178029907106,0.0,0.020332715103453795,0.0,-0.22673362500000022,0.0,[ 0.       -1.054575  0.      ]
-0.037872577146004616,0.0,7.855697070523128,-0.34360340247931204,0.0,0.01865764911557714,0.0,-0.23740200000000022,0.0,[ 0.     -1.0791  0.    ]
-0.04142686035235495,0.0,7.855874230831441,-0.3674281713526923,0.0,0.016731073206364598,0.0,-0.24831562500000023,0.0,[ 0.       -1.103625  0.      ]
-0.04522467367143459,0.0,7.856030796060202,-0.3923128561189008,0.0,0.014535688052643358,0.0,-0.2594745000000003,0.0,[ 0.      -1.12815  0.     ]
-0.049276718641234146,0.0,7.8561639885125025,-0.41827787631220903,0.0,0.012053447303679556,0.0,-0.27087862500000026,0.0,[ 0.       -1.152675  0.      ]
-0.05359389927025044,0.0,7.856270846245667,-0.44534330281437157,0.0,0.009265546329861719,0.0,-0.2825280000000003,0.0,[ 0.     -1.1772  0.    ]
-0.05818731843895629,0.0,7.8563482154346564,-0.47352883530850803,0.0,0.0061524115630445814,0.0,-0.29442262500000027,0.0,[ 0.       -1.201725  0.      ]
-0.06306827407144623,0.0,7.856392742631995,-0.5028537788595032,0.0,0.0026936904661297653,0.0,-0.3065625000000003,0.0,[ 0.      -1.22625  0.     ]
-0.06824825506849852,0.0,7.856400866930688,-0.5333370196161913,0.0,-0.0011317578291928226,0.0,-0.3189476250000003,0.0,[ 0.       -1.250775  0.      ]
-0.07373893699325357,0.0,7.85636881203704,-0.5649969996320384,0.0,-0.005345871176279747,0.0,-0.3315780000000003,0.0,[ 0.     -1.2753  0.    ]
-0.07955217750068375,0.0,7.856292578260639,-0.5978516908025748,0.0,-0.009971392317354923,0.0,-0.3444536250000003,0.0,[ 0.       -1.299825  0.      ]
-0.08570001150202002,0.0,7.8561679344292354,-0.6319185679194464,0.0,-0.015031875994415602,0.0,-0.35757450000000035,0.0,[ 0.      -1.32435  0.     ]
-0.09219464605530805,0.0,7.855990409736657,-0.6672145808426714,0.0,-0.020551695223032185,0.0,-0.37094062500000036,0.0,[ 0.       -1.348875  0.      ]
-0.09904845497329128,0.0,7.855755285532367,-0.7037561257944874,0.0,-0.026556046683584997,0.0,-0.3845520000000004,0.0,[ 0.     -1.3734  0.    ]
-0.10627397313986152,0.0,7.855457587061705,-0.7415590157800769,0.0,-0.03307095518324553,0.0,-0.3984086250000004,0.0,[ 0.       -1.397925  0.      ]
-0.11388389052638083,0.0,7.855092075166368,-0.7806384501424477,0.0,-0.04012327714080842,0.0,-0.41251050000000045,0.0,[ 0.      -1.42245  0.     ]
-0.12189104589926095,0.0,7.854653237955118,-0.8210089832608427,0.0,-0.04774070304531915,0.0,-0.42685762500000046,0.0,[ 0.       -1.446975  0.      ]
-0.13030842021029185,0.0,7.854135282455254,-0.862684492404241,0.0,-0.05595175883832647,0.0,-0.4414500000000005,0.0,[ 0.     -1.4715  0.    ]
-0.13914912966133747,0.0,7.853532126255854,-0.9056781447538073,0.0,-0.06478580616852347,0.0,-0.45628762500000053,0.0,[ 0.       -1.496025  0.      ]
-0.14842641843516727,0.0,7.8528373891543195,-0.9500023636105408,0.0,-0.07427304146653298,0.0,-0.4713705000000006,0.0,[ 0.      -1.52055  0.     ]
-0.15815365108436755,0.0,7.8520443848183,-0.9956687938068777,0.0,-0.08444449378664784,0.0,-0.4866986250000006,0.0,[ 0.       -1.545075  0.      ]
-0.16834430457047622,0.0,7.85114611247559,-1.0426882663435988,0.0,-0.09533202136146117,0.0,-0.5022720000000006,0.0,[ 0.     -1.5696  0.    ]
-0.17901195994571237,0.0,7.850135248645137,-1.0910707622761107,0.0,-0.10696830681452152,0.0,-0.5180906250000007,0.0,[ 0.       -1.594125  0.      ]
-0.19017029366992633,0.0,7.849004138922874,-1.140825375876976,0.0,-0.11938685097543214,0.0,-0.5341545000000008,0.0,[ 0.      -1.61865  0.     ]
-0.20183306855567915,0.0,7.84774478983661,-1.1919602771044953,0.0,-0.13262196524118636,0.0,-0.5504636250000008,0.0,[ 0.       -1.643175  0.      ]
-0.2140141243346737,0.0,7.846348860784826,-1.2444826734101642,0.0,-0.14670876242700262,0.0,-0.5670180000000008,0.0,[ 0.     -1.6677  0.    ]
-0.2267273678391032,0.0,7.844807656074744,-1.2983987709209632,0.0,-0.16168314604949865,0.0,-0.5838176250000009,0.0,[ 0.       -1.692225  0.      ]
-0.23998676279185854,0.0,7.843112117075644,-1.3537137350356705,0.0,-0.17758179798473342,0.0,-0.600862500000001,0.0,[ 0.      -1.71675  0.     ]
-0.253806319199945,0.0,7.841252814503966,-1.4104316504777266,0.0,-0.1944421644434552,0.0,-0.618152625000001,0.0,[ 0.       -1.741275  0.      ]
-0.26820008234590004,0.0,7.839219940857319,-1.468555480850618,0.0,-0.21230244020583358,0.0,-0.635688000000001,0.0,[ 0.     -1.7658  0.    ]
-0.28318212137248266,0.0,7.837003303015077,-1.5280870277452856,0.0,-0.23120155105802967,0.0,-0.653468625000001,0.0,[ 0.       -1.790325  0.      ]
-0.29876651745641647,0.0,7.834592315023847,-1.5890268894526938,0.0,-0.2511791343731811,0.0,-0.6714945000000011,0.0,[ 0.      -1.81485  0.     ]
-0.3149673515675199,0.0,7.831975991086638,-1.6513744193384285,0.0,-0.27227551777975717,0.0,-0.6897656250000012,0.0,[ 0.       -1.839375  0.      ]
-0.3317986918101438,0.0,7.829142938775149,-1.7151276839400071,0.0,-0.29453169586077954,0.0,-0.7082820000000012,0.0,[ 0.     -1.8639  0.    ]
-0.3492745803444628,0.0,7.826081352485142,-1.7802834208514824,0.0,-0.3179893048281196,0.0,-0.7270436250000012,0.0,[ 0.       -1.888425  0.      ]
-0.36740901988583347,0.0,7.822779007155421,-1.8468369964639146,0.0,-0.3426905951169789,0.0,-0.7460505000000013,0.0,[ 0.      -1.91295  0.     ]
-0.38621595978113765,0.0,7.819223252271499,-1.9147823636343402,0.0,-0.36867840184674705,0.0,-0.7653026250000013,0.0,[ 0.       -1.937475  0.      ]
-0.4057092816617755,0.0,7.815401006175538,-1.9841120193599948,0.0,-0.3959961130957195,0.0,-0.7848000000000014,0.0,[ 0.    -1.962  0.   ]
-0.4259027846737631,0.0,7.811298750704687,-2.0548169625387493,0.0,-0.42468763593865594,0.0,-0.8045426250000014,0.0,[ 0.       -1.986525  0.      ]
-0.44681017028621844,0.0,7.806902526180435,-2.1268866519009624,0.0,-0.45479736019787637,0.0,-0.8245305000000015,0.0,[ 0.      -2.01105  0.     ]
-0.46844502668039445,0.0,7.802197926772087,-2.200308964202257,0.0,-0.4863701198605393,0.0,-0.8447636250000016,0.0,[ 0.       -2.035575  0.      ]
-0.490820812722333,0.0,7.797170096257923,-2.2750701527710704,0.0,-0.5194511521169289,0.0,-0.8652420000000016,0.0,[ 0.     -2.0601  0.    ]
-0.5139508415231767,0.0,7.791803724208047,-2.351154806509199,0.0,-0.5540860539770097,0.0,-0.8859656250000016,0.0,[ 0.       -2.084625  0.      ]
-0.5378482635921757,0.0,7.7860830426133525,-2.428545809447955,0.0,-0.5903207364251951,0.0,-0.9069345000000018,0.0,[ 0.      -2.10915  0.     ]
-0.5625260495884793,0.0,7.779991822985398,-2.507224300966961,0.0,-0.6282013760762276,0.0,-0.9281486250000018,0.0,[ 0.       -2.133675  0.      ]
-0.5879969726788902,0.0,7.773513373952367,-2.5871696367870194,0.0,-0.6677743642982954,0.0,-0.9496080000000019,0.0,[ 0.     -2.1582  0.    ]
-0.6142735905098996,0.0,7.766630539376584,-2.6683593508528767,0.0,-0.7090862537730205,0.0,-0.9713126250000019,0.0,[ 0.       -2.182725  0.      ]
-0.6413682268034976,0.0,7.759325697019364,-2.7507691182260943,0.0,-0.7521837024657511,0.0,-0.993262500000002,0.0,[ 0.      -2.20725  0.     ]
-0.6692929525874802,0.0,7.751580757779193,-2.8343727191125505,0.0,-0.7971134149836915,0.0,-1.015457625000002,0.0,[ 0.       -2.231775  0.      ]
-0.6980595670722399,0.0,7.74337716552948,-2.919142004153394,0.0,-0.8439220813038069,0.0,-1.0378980000000022,0.0,[ 0.     -2.2563  0.    ]
-0.7276795781873348,0.0,7.734695897582224,-3.005046861112472,0.0,-0.8926563128571582,0.0,-1.0605836250000023,0.0,[ 0.       -2.280825  0.      ]
-0.7581641827924847,0.0,7.725517465804104,-3.0920551830973912,0.0,-0.9433625759613607,0.0,-1.0835145000000024,0.0,[ 0.      -2.30535  0.     ]
-0.7895242465790325,0.0,7.715821918411509,-3.1801328384553873,0.0,-0.9960871225982246,0.0,-1.1066906250000024,0.0,[ 0.       -2.329875  0.      ]
-0.8217702836793416,0.0,7.705588842471063,-3.2692436424891005,0.0,-1.0508759185393297,0.0,-1.1301120000000024,0.0,[ 0.     -2.3544  0.    ]
-0.8549124360030682,0.0,7.694797367132119,-3.359349331141109,0.0,-1.107774568828319,0.0,-1.1537786250000026,0.0,[ 0.       -2.378925  0.      ]
-0.8889604523207582,0.0,7.683426167617584,-3.4504095367996963,0.0,-1.1668282406350685,0.0,-1.1776905000000026,0.0,[ 0.      -2.40345  0.     ]
-0.9239236671167542,0.0,7.671453469999256,-3.542381766381756,0.0,-1.228081583503603,0.0,-1.2018476250000028,0.0,[ 0.       -2.427975  0.      ]
-0.9598109792349815,0.0,7.658857056783599,-3.6352213818519803,0.0,-1.291578647022692,0.0,-1.226250000000003,0.0,[ 0.     -2.4525  0.    ]
-0.9966308303427792,0.0,7.645614273333544,-3.728881583340482,0.0,-1.3573627959554646,0.0,-1.250897625000003,0.0,[ 0.       -2.477025  0.      ]
-1.034391183239588,0.0,7.631702035151523,-3.8233133950237854,0.0,-1.4254766228721407,0.0,-1.2757905000000032,0.0,[ 0.      -2.50155  0.     ]
-1.07309950003896,0.0,7.617096836048444,-3.9184656539366114,0.0,-1.4959618583380763,0.0,-1.3009286250000032,0.0,[ 0.       -2.526075  0.      ]
-1.112762720254047,0.0,7.601774757222762,-4.014285001884102,0.0,-1.568859278717768,0.0,-1.3263120000000033,0.0,[ 0.     -2.5506  0.    ]
-1.1533872388184276,0.0,7.58571147727314,-4.110715880626024,0.0,-1.6442086116642525,0.0,-1.3519406250000034,0.0,[ 0.       -2.575125  0.      ]
-1.1949788840758557,0.0,7.568882283167475,-4.207700530506042,0.0,-1.7220484393724618,0.0,-1.3778145000000035,0.0,[ 0.      -2.59965  0.     ]
-1.2375428957742538,0.0,7.551262082190194,-4.305178992700328,0.0,-1.8024160996845524,0.0,-1.4039336250000036,0.0,[ 0.       -2.624175  0.      ]
-1.2810839031010186,0.0,7.532825414888847,-4.403089115260596,0.0,-1.8853475851450117,0.0,-1.4302980000000036,0.0,[ 0.     -2.6487  0.    ]
-1.3256059027984586,0.0,7.513546469039946,-4.501366563126962,0.0,-1.970877440113438,0.0,-1.4569076250000037,0.0,[ 0.       -2.673225  0.      ]
-1.371112237399942,0.0,7.493399094652905,-4.599944832285993,0.0,-2.059038656053296,0.0,-1.4837625000000039,0.0,[ 0.      -2.69775  0.     ]
-1.4176055736290782,0.0,7.472356820029674,-4.698755268248731,0.0,-2.1498625651256433,0.0,-1.510862625000004,0.0,[ 0.       -2.722275  0.      ]
-1.4650878810060044,0.0,7.450392868896336,-4.797727089022394,0.0,-2.2433787322277947,0.0,-1.538208000000004,0.0,[ 0.     -2.7468  0.    ]
-1.5135604107065757,0.0,7.42748017862147,-4.896787412747865,0.0,-2.3396148456281294,0.0,-1.5657986250000042,0.0,[ 0.       -2.771325  0.      ]
-1.563023674721968,0.0,7.403591419534502,-4.9958612901729085,0.0,-2.438596606359724,0.0,-1.5936345000000043,0.0,[ 0.      -2.79585  0.     ]
-1.613477425367889,0.0,7.378699015355619,-5.094871742128283,0.0,-2.540347616547202,0.0,-1.6217156250000044,0.0,[ 0.       -2.820375  0.      ]
-1.6649206351942503,0.0,7.352775164746963,-5.193739802170526,0.0,-2.6448892668530894,0.0,-1.6500420000000044,0.0,[ 0.     -2.8449  0.    ]
-1.7173514773477665,0.0,7.325791863992951,-5.292384564551179,0.0,-2.752240623242072,0.0,-1.6786136250000046,0.0,[ 0.       -2.869425  0.      ]
-1.770767306441528,0.0,7.297720930815486,-5.390723237667455,0.0,-2.8624183132737597,0.0,-1.7074305000000047,0.0,[ 0.      -2.89395  0.     ]
-1.8251646399871126,0.0,7.268534029327678,-5.488671203143973,0.0,-2.9754364121469505,0.0,-1.7364926250000048,0.0,[ 0.       -2.918475  0.      ]
-1.880539140446272,0.0,7.238202696127385,-5.586142080689004,0.0,-3.091306328730832,0.0,-1.765800000000005,0.0,[ 0.    -2.943  0.   ]
-1.936885597960622,0.0,7.206698367529483,-5.683047798861748,0.0,-3.2100366918310654,0.0,-1.795352625000005,0.0,[ 0.       -2.967525  0.      ]
-1.9941979138191055,0.0,7.173992407933215,-5.779298671879472,0.0,-3.3316332369512462,0.0,-1.825150500000005,0.0,[ 0.      -2.99205  0.     ]
-2.052469084724226,0.0,7.140056139318326,-5.874803482584804,0.0,-3.456098693822752,0.0,-1.8551936250000052,0.0,[ 0.       -3.016575  0.      ]
-2.1116911879192264,0.0,7.104860871860861,-5.969469571684145,0.0,-3.583432674988454,0.0,-1.8854820000000052,0.0,[ 0.     -3.0411  0.    ]
-2.1718553672394267,0.0,7.068377935656631,-6.063202933357924,0.0,-3.713631565738141,0.0,-1.9160156250000053,0.0,[ 0.       -3.065625  0.      ]
-2.2329518201519063,0.0,7.030578713537274,-6.155908317332371,0.0,-3.8466884157057217,0.0,-1.9467945000000055,0.0,[ 0.      -3.09015  0.     ]
-2.2949697858485374,0.0,6.991434674960699,-6.24748933749046,0.0,-3.9825928324503126,0.0,-1.9778186250000056,0.0,[ 0.       -3.114675  0.      ]
-2.3578975344581012,0.0,6.950917410954412,-6.337848587086798,0.0,-4.121330877355094,0.0,-2.0090880000000055,0.0,[ 0.     -3.1392  0.    ]
-2.4217223574437905,0.0,6.908998670086836,-6.426887760617407,0.0,-4.262884964189312,0.0,-2.0406026250000058,0.0,[ 0.       -3.163725  0.      ]
-2.48643055925284,0.0,6.865650395438204,-6.514507782380578,0.0,-4.407233760689945,0.0,-2.072362500000006,0.0,[ 0.      -3.18825  0.     ]
-2.552007450285315,0.0,6.820844762539023,-6.600608941749251,0.0,-4.5543520935302695,0.0,-2.104367625000006,0.0,[ 0.       -3.212775  0.      ]
-2.6184373412492037,0.0,6.774554218240338,-6.685091035158702,0.0,-4.704210857052821,0.0,-2.136618000000006,0.0,[ 0.     -3.2373  0.    ]
-2.685703538968912,0.0,6.726751520476244,-6.767853514795678,0.0,-4.856776926153974,0.0,-2.1691136250000063,0.0,[ 0.       -3.261825  0.      ]
-2.7537883437140307,0.0,6.67740977887514,-6.848795643956521,0.0,-5.0120130737164565,0.0,-2.2018545000000063,0.0,[ 0.      -3.28635  0.     ]
-2.8226730481148192,0.0,6.626502496172241,-6.927816659022244,0.0,-5.169877892994603,0.0,-2.2348406250000066,0.0,[ 0.       -3.310875  0.      ]
-2.8923379377302334,0.0,6.57400361037175,-7.004815937978013,0.0,-5.330325725364845,0.0,-2.2680720000000067,0.0,[ 0.     -3.3354  0.    ]
-2.9627622933334847,0.0,6.519887537602959,-7.079693175383016,0.0,-5.493306593860846,0.0,-2.301548625000007,0.0,[ 0.       -3.359925  0.      ]
-3.0339243949790786,0.0,6.464129215610308,-7.152348563674305,0.0,-5.658766142918742,0.0,-2.335270500000007,0.0,[ 0.      -3.38445  0.     ]
-3.105801527913984,0.0,6.406704147813141,-7.2226829806648745,0.0,-5.826645584762985,0.0,-2.3692376250000073,0.0,[ 0.       -3.408975  0.      ]
-3.178369990394087,0.0,6.347588447866598,-7.290598183072055,0.0,-5.99688165286738,0.0,-2.4034500000000074,0.0,[ 0.     -3.4335  0.    ]
-3.251605103465299,0.0,6.286758884650697,-7.35599700588722,0.0,-6.169406562928803,0.0,-2.4379076250000074,0.0,[ 0.       -3.458025  0.      ]
-3.3254812227666872,0.0,6.224192927610284,-7.418783567371903,0.0,-6.34414798179287,0.0,-2.4726105000000076,0.0,[ 0.      -3.48255  0.     ]
-3.3999717524107007,0.0,6.159868792364133,-7.478863479438764,0.0,-6.521029004771314,0.0,-2.5075586250000077,0.0,[ 0.       -3.507075  0.      ]
-3.4750491609930236,0.0,6.093765486497088,-7.536144063148374,0.0,-6.699968141789974,0.0,-2.5427520000000077,0.0,[ 0.     -3.5316  0.    ]
-3.550684999781747,0.0,6.025862855444751,-7.590534569024659,0.0,-6.8808793128040255,0.0,-2.578190625000008,0.0,[ 0.       -3.556125  0.      ]
-3.626849923132444,0.0,5.95614162837587,-7.641946401863088,0.0,-7.063671852913358,0.0,-2.613874500000008,0.0,[ 0.      -3.58065  0.     ]
-3.7035137111723198,0.0,5.884583463973297,-7.690293349676282,0.0,-7.248250527605594,0.0,-2.649803625000008,0.0,[ 0.       -3.605175  0.      ]
-3.780645294792917,0.0,5.811170996010115,-7.7354918163918915,0.0,-7.43451555854732,0.0,-2.6859780000000084,0.0,[ 0.     -3.6297  0.    ]
-3.8582127829868385,0.0,5.735887878613394,-7.777461057887207,0.0,-7.62236266033532,0.0,-2.7223976250000086,0.0,[ 0.       -3.654225  0.      ]
-3.936183492559656,0.0,5.658718831103962,-7.816123420914339,0.0,-7.8116830886091275,0.0,-2.7590625000000086,0.0,[ 0.      -3.67875  0.     ]
-4.014523980243546,0.0,5.579649682296608,-7.851404584438796,0.0,-8.00236369991377,0.0,-2.795972625000009,0.0,[ 0.       -3.703275  0.      ]
-4.09320007723428,0.0,5.498667414141351,-7.883233802883154,0.0,-8.194287023687265,0.0,-2.833128000000009,0.0,[ 0.     -3.7278  0.    ]
-4.1721769261679285,0.0,5.415760204582697,-7.911544150736305,0.0,-8.387331346731058,0.0,-2.8705286250000093,0.0,[ 0.       -3.752325  0.      ]
-4.251419020548136,0.0,5.3309174695103705,-7.936272767957508,0.0,-8.5813708105032,0.0,-2.908174500000009,0.0,[ 0.      -3.77685  0.     ]
-4.330890246628905,0.0,5.2441299036716424,-7.95736110557346,0.0,-8.776275521553469,0.0,-2.9460656250000095,0.0,[ 0.       -3.801375  0.      ]
-4.410553927751697,0.0,5.155389520412365,-7.974755170835733,0.0,-8.971911675396939,0.0,-2.9842020000000096,0.0,[ 0.     -3.8259  0.    ]
-4.490372871129158,0.0,5.0646896901109315,-7.988405771275535,0.0,-9.168141694097523,0.0,-3.0225836250000095,0.0,[ 0.       -3.850425  0.      ]
-4.570309417061004,0.0,4.972025177166819,-7.9982687569627995,0.0,-9.364824377805768,0.0,-3.06121050000001,0.0,[ 0.      -3.87495  0.     ]
-4.6503254905605225,0.0,4.87739217540308,-8.004305260247389,0.0,-9.561815070465645,0.0,-3.10008262500001,0.0,[ 0.       -3.899475  0.      ]
-4.730382655362775,0.0,4.780788341740138,-8.006481932231713,0.0,-9.758965839873161,0.0,-3.13920000000001,0.0,[ 0.    -3.924  0.   ]
-4.8104421702779625,0.0,4.682212827996609,-8.00477117519659,0.0,-9.956125672235396,0.0,-3.1785626250000103,0.0,[ 0.       -3.948525  0.      ]
-4.890465047845462,0.0,4.581666310671547,-7.999151370175763,0.0,-10.153140681341904,0.0,-3.2181705000000105,0.0,[ 0.      -3.97305  0.     ]
-4.970412115235909,0.0,4.479151018561594,-7.989607098849441,0.0,-10.349854332421428,0.0,-3.2580236250000105,0.0,[ 0.       -3.997575  0.      ]
-5.050244077340273,0.0,4.374670758065982,-7.976129358903489,0.0,-10.546107680715476,0.0,-3.298122000000011,0.0,[ 0.     -4.0221  0.    ]
-5.129921581976197,0.0,4.268230936032253,-7.958715771978956,0.0,-10.741739624756555,0.0,-3.338465625000011,0.0,[ 0.       -4.046625  0.      ]
-5.209405287133078,0.0,4.159838579995892,-7.937370783316321,0.0,-10.936587174292743,0.0,-3.379054500000011,0.0,[ 0.      -4.07115  0.     ]
-5.288655930168247,0.0,4.049502355667911,-7.91210585218063,0.0,-11.130485732751927,0.0,-3.419888625000011,0.0,[ 0.       -4.095675  0.      ]
-5.3676343988574535,0.0,3.93723258152572,-7.882939632137611,0.0,-11.323269394088314,0.0,-3.4609680000000114,0.0,[ 0.     -4.1202  0.    ]
-5.446301804193424,0.0,3.8230412403644802,-7.849898140237132,0.0,-11.514771253801033,0.0,-3.5022926250000115,0.0,[ 0.       -4.144725  0.      ]
-5.524619554816823,0.0,3.7069419876684906,-7.813014914149191,0.0,-11.704823733859605,0.0,-3.5438625000000115,0.0,[ 0.      -4.16925  0.     ]
-5.60254943295433,0.0,3.5889501566651014,-7.772331156289225,0.0,-11.893258921214098,0.0,-3.5856776250000117,0.0,[ 0.       -4.193775  0.      ]
-5.6800536717288725,0.0,3.46908275992717,-7.727895863964016,0.0,-12.079908919508773,0.0,-3.627738000000012,0.0,[ 0.     -4.2183  0.    ]
-5.757095033697384,0.0,3.3473584873941737,-7.679765944567106,0.0,-12.264606213557297,0.0,-3.670043625000012,0.0,[ 0.       -4.242825  0.      ]
-5.833636890461715,0.0,3.2237977006868435,-7.62800631485363,0.0,-12.447184046075073,0.0,-3.7125945000000122,0.0,[ 0.      -4.26735  0.     ]
-5.9096433031886635,0.0,3.0984224235955242,-7.572689983328908,0.0,-12.627476806100242,0.0,-3.7553906250000124,0.0,[ 0.       -4.291875  0.      ]
-5.985079103865466,0.0,2.9712563286285,-7.513898114793332,0.0,-12.80532042846948,0.0,-3.7984320000000125,0.0,[ 0.     -4.3164  0.    ]
-6.059909977107578,0.0,2.842324719513176,-7.451720076098152,0.0,-12.980552803648067,0.0,-3.841718625000013,0.0,[ 0.       -4.340925  0.      ]
-6.134102542326178,0.0,2.7116545095503604,-7.386253462182837,0.0,-13.153014197146067,0.0,-3.885250500000013,0.0,[ 0.      -4.36545  0.     ]
-6.207624436053666,0.0,2.579274195729912,-7.317604101485104,0.0,-13.32254767768398,0.0,-3.929027625000013,0.0,[ 0.       -4.389975  0.      ]
-6.280444394216424,0.0,2.4452138285247296,-7.245886039839381,0.0,-13.48899955320214,0.0,-3.973050000000013,0.0,[ 0.     -4.4145  0.    ]
-6.352532334135427,0.0,2.30950497728946,-7.171221502008832,0.0,-13.652219813738762,0.0,-4.017317625000013,0.0,[ 0.       -4.439025  0.      ]
-6.423859436026911,0.0,2.172180691200409,-7.093740830030025,0.0,-13.812062580132029,0.0,-4.0618305000000134,0.0,[ 0.      -4.46355  0.     ]
-6.494398223767269,0.0,2.0332754556839214,-7.013582397588184,0.0,-13.968386557432266,0.0,-4.106588625000014,0.0,[ 0.       -4.488075  0.      ]
-6.564122644678762,0.0,1.892825144291991,-6.930892499684737,0.0,-14.121055491841483,0.0,-4.151592000000014,0.0,[ 0.     -4.5126  0.    ]
-6.6330081480854695,0.0,1.7508669659960197,-6.845825216907716,0.0,-14.269938629929438,0.0,-4.196840625000014,0.0,[ 0.       -4.537125  0.      ]
-6.701031762382286,0.0,1.6074394078824974,-6.758542253669571,0.0,-14.414911178808488,0.0,-4.242334500000014,0.0,[ 0.      -4.56165  0.     ]
-6.768172170353706,0.0,1.4625821732478768,-6.669212749836182,0.0,-14.555854765883971,0.0,-4.288073625000014,0.0,[ 0.       -4.586175  0.      ]
-6.834409782473699,0.0,1.3163361151040682,-6.578013065235368,0.0,-14.692657896733154,0.0,-4.334058000000014,0.0,[ 0.     -4.6107  0.    ]
-6.899726807913189,0.0,1.1687431651207643,-6.485126536602994,0.0,-14.825216409604252,0.0,-4.3802876250000145,0.0,[ 0.       -4.635225  0.      ]
-6.964107322977624,0.0,1.0198462580461805,-6.390743206599983,0.0,-14.953433924968023,0.0,-4.426762500000015,0.0,[ 0.      -4.65975  0.     ]
-7.027537336693845,0.0,0.8696892516637593,-6.295059524613961,0.0,-15.077222288498374,0.0,-4.473482625000015,0.0,[ 0.       -4.684275  0.      ]
-7.090004853263023,0.0,0.7183168423588874,-6.198278019145099,0.0,-15.196502005805677,0.0,-4.520448000000015,0.0,[ 0.     -4.7088  0.    ]
-7.1514999310948735,0.0,0.5657744763866848,-6.100606941666653,0.0,-15.311202667197485,0.0,-4.567658625000015,0.0,[ 0.       -4.733325  0.      ]
-7.212014738137759,0.0,0.4121082569494087,-6.002259881946906,0.0,-15.421263360696567,0.0,-4.615114500000015,0.0,[ 0.      -4.75785  0.     ]
-7.271543603219637,0.0,0.25736484720991765,-5.90345535492034,0.0,-15.526633071505872,0.0,-4.662815625000015,0.0,[ 0.       -4.782375  0.      ]
-7.330083063116233,0.0,0.10159136938592822,-5.804416359301937,0.0,-15.62727106607484,0.0,-4.710762000000015,0.0,[ 0.     -4.8069  0.    ]
-7.3876319050652866,0.0,-0.05516469991159492,-5.7053699082492555,0.0,-15.723147258891741,0.0,-4.758953625000015,0.0,[ 0.       -4.831425  0.      ]
-7.444191204449363,0.0,-0.21285563791369724,-5.606546532492177,0.0,-15.814242560102782,0.0,-4.807390500000015,0.0,[ 0.      -4.85595  0.     ]
-7.499764357374499,0.0,-0.3714335873010364,-5.5081797564696995,0.0,-15.900549202041223,0.0,-4.8560726250000155,0.0,[ 0.       -4.880475  0.      ]
-7.5543571078779514,0.0,-0.5308506709632965,-5.410505548136624,0.0,-15.98207104273889,0.0,-4.905000000000015,0.0,[ 0.    -4.905  0.   ]
